take,user_id,order,block,task_id,task_name,piece_id,is_mistake,start_frame,end_frame,start_sec,end_sec,duration_sec
uid-01_take-02,1,0,0,0,Pull Cables,1,False,134,207,4.466666666666667,6.900000000000001,2.4333333333333336
uid-01_take-02,1,1,0,0,Pull Cables,1,False,207,260,6.900000000000001,8.666666666666668,1.7666666666666668
uid-01_take-02,1,2,1,2,Place,1,False,536,795,17.866666666666667,26.500000000000004,8.633333333333335
uid-01_take-02,1,3,1,2,Place,1,False,1484,1642,49.466666666666676,54.73333333333334,5.2666666666666675
uid-01_take-02,1,4,2,3,Align,1,False,1642,2002,54.73333333333334,66.73333333333333,12.000000000000002
uid-01_take-02,1,5,3,4,Screw,1,False,2340,2858,78.00000000000001,95.26666666666668,17.26666666666667
uid-01_take-02,1,6,3,4,Screw,1,False,2974,3360,99.13333333333334,112.00000000000001,12.866666666666669
uid-01_take-02,1,7,3,4,Screw,1,False,3484,3840,116.13333333333335,128.00000000000003,11.866666666666669
uid-01_take-02,1,8,3,4,Screw,1,False,3892,4054,129.73333333333335,135.13333333333335,5.4
uid-01_take-02,1,9,3,4,Screw,1,False,4144,4448,138.13333333333335,148.26666666666668,10.133333333333335
uid-01_take-02,1,10,3,4,Screw,1,False,4669,4912,155.63333333333335,163.73333333333335,8.100000000000001
uid-01_take-02,1,11,4,0,Pull Cables,2,False,5044,5070,168.13333333333335,169.00000000000003,0.8666666666666668
uid-01_take-02,1,12,4,0,Pull Cables,2,False,5070,5114,169.00000000000003,170.4666666666667,1.4666666666666668
uid-01_take-02,1,13,5,2,Place,2,False,5284,5392,176.13333333333335,179.73333333333335,3.6000000000000005
uid-01_take-02,1,14,6,3,Align,2,False,5392,5550,179.73333333333335,185.00000000000003,5.2666666666666675
uid-01_take-02,1,15,7,4,Screw,2,False,6062,6437,202.0666666666667,214.5666666666667,12.500000000000002
uid-01_take-02,1,16,7,4,Screw,2,False,6504,6824,216.80000000000004,227.4666666666667,10.666666666666668
uid-01_take-02,1,17,7,4,Screw,2,False,6960,7243,232.00000000000003,241.43333333333337,9.433333333333334
uid-01_take-02,1,18,7,4,Screw,2,False,7318,7654,243.93333333333337,255.13333333333335,11.200000000000001
uid-01_take-02,1,19,7,4,Screw,2,False,7730,8018,257.6666666666667,267.2666666666667,9.600000000000001
uid-01_take-02,1,20,7,4,Screw,2,False,8125,8424,270.83333333333337,280.8,9.966666666666669
uid-01_take-02,1,21,7,4,Screw,2,False,8520,8741,284.00000000000006,291.3666666666667,7.366666666666667
uid-01_take-02,1,22,8,5,Connect Cables,2,False,8952,9540,298.40000000000003,318.00000000000006,19.6
uid-01_take-02,1,23,9,6,Clamp Coupling,2,False,9667,9862,322.23333333333335,328.73333333333335,6.500000000000001
uid-01_take-02,1,24,9,6,Clamp Coupling,2,False,9874,10109,329.1333333333334,336.9666666666667,7.833333333333334
uid-01_take-02,1,25,10,0,Pull Cables,3,False,10229,10266,340.9666666666667,342.20000000000005,1.2333333333333334
uid-01_take-02,1,26,10,0,Pull Cables,3,False,10268,10327,342.2666666666667,344.23333333333335,1.966666666666667
uid-01_take-02,1,27,11,4,Screw,3,False,11249,11510,374.9666666666667,383.6666666666667,8.700000000000001
uid-01_take-02,1,28,11,4,Screw,3,False,11595,11973,386.50000000000006,399.1,12.600000000000001
uid-01_take-02,1,29,11,4,Screw,3,False,12040,12330,401.33333333333337,411.00000000000006,9.666666666666668
uid-01_take-02,1,30,11,4,Screw,3,False,12407,12584,413.5666666666667,419.4666666666667,5.9
uid-01_take-02,1,31,11,4,Screw,3,False,12674,12861,422.4666666666667,428.70000000000005,6.233333333333334
uid-01_take-02,1,32,11,4,Screw,3,False,13107,13658,436.90000000000003,455.2666666666667,18.366666666666667
uid-01_take-02,1,33,12,5,Connect Cables,3,False,13962,16686,465.40000000000003,556.2,90.80000000000001
uid-01_take-02,1,34,13,6,Clamp Coupling,3,False,16710,17172,557.0000000000001,572.4000000000001,15.400000000000002
uid-01_take-02,1,35,13,6,Clamp Coupling,3,False,17190,17286,573.0000000000001,576.2,3.2
uid-02_take-01,2,0,0,0,Pull Cables,1,False,61,93,2.0333333333333337,3.1000000000000005,1.0666666666666669
uid-02_take-01,2,1,1,2,Place,1,False,242,380,8.066666666666668,12.666666666666668,4.6000000000000005
uid-02_take-01,2,2,2,3,Align,1,False,380,544,12.666666666666668,18.133333333333336,5.466666666666668
uid-02_take-01,2,3,3,4,Screw,1,False,686,916,22.86666666666667,30.53333333333334,7.666666666666668
uid-02_take-01,2,4,3,4,Screw,1,False,1000,1250,33.333333333333336,41.66666666666667,8.333333333333334
uid-02_take-01,2,5,3,4,Screw,1,False,1320,1564,44.00000000000001,52.13333333333334,8.133333333333335
uid-02_take-01,2,6,3,4,Screw,1,False,1600,1810,53.33333333333334,60.33333333333334,7.000000000000001
uid-02_take-01,2,7,3,4,Screw,1,False,1874,2120,62.466666666666676,70.66666666666667,8.200000000000001
uid-02_take-01,2,8,3,4,Screw,1,False,2216,2446,73.86666666666667,81.53333333333335,7.666666666666668
uid-02_take-01,2,9,4,2,Place,2,False,2660,2808,88.66666666666667,93.60000000000001,4.933333333333334
uid-02_take-01,2,10,5,3,Align,2,False,2809,2950,93.63333333333334,98.33333333333334,4.7
uid-02_take-01,2,11,6,4,Screw,2,False,3055,3235,101.83333333333334,107.83333333333334,6.000000000000001
uid-02_take-01,2,12,6,4,Screw,2,False,3286,3496,109.53333333333335,116.53333333333335,7.000000000000001
uid-02_take-01,2,13,6,4,Screw,2,False,3571,3757,119.03333333333335,125.23333333333335,6.200000000000001
uid-02_take-01,2,14,6,4,Screw,2,False,3853,4030,128.43333333333334,134.33333333333334,5.9
uid-02_take-01,2,15,6,4,Screw,2,False,4069,4235,135.63333333333335,141.16666666666669,5.533333333333334
uid-02_take-01,2,16,6,4,Screw,2,False,4310,4761,143.66666666666669,158.70000000000002,15.033333333333335
uid-02_take-01,2,17,7,5,Connect Cables,2,False,4969,5170,165.63333333333335,172.33333333333334,6.700000000000001
uid-02_take-01,2,18,8,6,Clamp Coupling,2,False,5252,5340,175.0666666666667,178.00000000000003,2.9333333333333336
uid-02_take-01,2,19,8,6,Clamp Coupling,2,False,5345,5422,178.16666666666669,180.73333333333335,2.566666666666667
uid-02_take-01,2,20,9,0,Pull Cables,3,False,5500,5569,183.33333333333334,185.63333333333335,2.3000000000000003
uid-02_take-01,2,21,10,2,Place,3,False,5650,5746,188.33333333333334,191.53333333333336,3.2
uid-02_take-01,2,22,11,3,Align,3,False,5746,5916,191.53333333333336,197.20000000000002,5.666666666666667
uid-02_take-01,2,23,12,4,Screw,3,False,6254,6420,208.4666666666667,214.00000000000003,5.533333333333334
uid-02_take-01,2,24,12,4,Screw,3,False,6483,6661,216.10000000000002,222.03333333333336,5.9333333333333345
uid-02_take-01,2,25,12,4,Screw,3,False,6706,6945,223.53333333333336,231.50000000000003,7.966666666666668
uid-02_take-01,2,26,12,4,Screw,3,False,7015,7132,233.83333333333337,237.73333333333335,3.9000000000000004
uid-02_take-01,2,27,12,4,Screw,3,False,7204,7345,240.13333333333335,244.83333333333337,4.7
uid-02_take-01,2,28,12,4,Screw,3,False,7408,7501,246.93333333333337,250.03333333333336,3.1000000000000005
uid-02_take-01,2,29,13,5,Connect Cables,3,False,7661,7897,255.3666666666667,263.23333333333335,7.866666666666668
uid-02_take-01,2,30,14,6,Clamp Coupling,3,False,7981,8092,266.03333333333336,269.73333333333335,3.7000000000000006
uid-02_take-01,2,31,14,6,Clamp Coupling,3,False,8095,8218,269.83333333333337,273.9333333333334,4.1000000000000005
uid-02_take-02,2,0,0,0,Pull Cables,1,False,71,144,2.366666666666667,4.800000000000001,2.4333333333333336
uid-02_take-02,2,1,1,2,Place,1,False,246,334,8.200000000000001,11.133333333333335,2.9333333333333336
uid-02_take-02,2,2,2,3,Align,1,False,334,596,11.133333333333335,19.86666666666667,8.733333333333334
uid-02_take-02,2,3,3,4,Screw,1,False,761,909,25.36666666666667,30.300000000000004,4.933333333333334
uid-02_take-02,2,4,3,4,Screw,1,False,969,1136,32.300000000000004,37.866666666666674,5.566666666666667
uid-02_take-02,2,5,3,4,Screw,1,False,1211,1342,40.366666666666674,44.73333333333334,4.366666666666667
uid-02_take-02,2,6,3,4,Screw,1,False,1402,1531,46.73333333333334,51.03333333333334,4.300000000000001
uid-02_take-02,2,7,3,4,Screw,1,False,1619,1748,53.966666666666676,58.26666666666667,4.300000000000001
uid-02_take-02,2,8,3,4,Screw,1,False,1802,1910,60.06666666666668,63.66666666666667,3.6000000000000005
uid-02_take-02,2,9,4,0,Pull Cables,2,False,2025,2087,67.50000000000001,69.56666666666668,2.066666666666667
uid-02_take-02,2,10,5,2,Place,2,False,2181,2242,72.7,74.73333333333335,2.0333333333333337
uid-02_take-02,2,11,6,3,Align,2,False,2242,2382,74.73333333333335,79.4,4.666666666666667
uid-02_take-02,2,12,7,4,Screw,2,False,2714,2837,90.46666666666668,94.56666666666668,4.1000000000000005
uid-02_take-02,2,13,7,4,Screw,2,False,3001,3133,100.03333333333335,104.43333333333335,4.4
uid-02_take-02,2,14,7,4,Screw,2,False,3213,3414,107.10000000000001,113.80000000000001,6.700000000000001
uid-02_take-02,2,15,7,4,Screw,2,False,3570,3748,119.00000000000001,124.93333333333335,5.9333333333333345
uid-02_take-02,2,16,7,4,Screw,2,False,3805,3890,126.83333333333334,129.66666666666669,2.8333333333333335
uid-02_take-02,2,17,7,4,Screw,2,False,3933,4102,131.10000000000002,136.73333333333335,5.633333333333334
uid-02_take-02,2,18,8,5,Connect Cables,2,False,4221,4480,140.70000000000002,149.33333333333334,8.633333333333335
uid-02_take-02,2,19,9,6,Clamp Coupling,2,False,4552,4632,151.73333333333335,154.4,2.666666666666667
uid-02_take-02,2,20,9,6,Clamp Coupling,2,False,4635,4711,154.50000000000003,157.03333333333336,2.5333333333333337
uid-02_take-02,2,21,10,0,Pull Cables,3,False,4800,4882,160.00000000000003,162.73333333333335,2.733333333333334
uid-02_take-02,2,22,11,2,Place,3,False,5000,5092,166.66666666666669,169.73333333333335,3.066666666666667
uid-02_take-02,2,23,12,3,Align,3,False,5092,5451,169.73333333333335,181.70000000000002,11.966666666666669
uid-02_take-02,2,24,13,4,Screw,3,False,5864,5969,195.4666666666667,198.9666666666667,3.5000000000000004
uid-02_take-02,2,25,13,4,Screw,3,False,6068,6212,202.26666666666668,207.0666666666667,4.800000000000001
uid-02_take-02,2,26,13,4,Screw,3,False,6295,6407,209.83333333333337,213.5666666666667,3.733333333333334
uid-02_take-02,2,27,13,4,Screw,3,False,6500,6624,216.66666666666669,220.80000000000004,4.133333333333334
uid-02_take-02,2,28,13,4,Screw,3,False,6667,6775,222.23333333333335,225.83333333333337,3.6000000000000005
uid-02_take-02,2,29,13,4,Screw,3,False,6841,6958,228.03333333333336,231.93333333333337,3.9000000000000004
uid-02_take-02,2,30,14,6,Clamp Coupling,3,True,7122,7341,237.40000000000003,244.70000000000002,7.300000000000001
uid-02_take-02,2,31,14,6,Clamp Coupling,3,False,7427,7657,247.5666666666667,255.23333333333338,7.666666666666668
uid-02_take-02,2,32,15,0,Pull Cables,3,True,7738,7897,257.93333333333334,263.23333333333335,5.300000000000001
uid-02_take-03-1,2,0,0,0,Pull Cables,1,False,74,93,2.466666666666667,3.1000000000000005,0.6333333333333334
uid-02_take-03-1,2,1,1,2,Place,1,False,210,471,7.000000000000001,15.700000000000001,8.700000000000001
uid-02_take-03-1,2,2,2,3,Align,1,False,472,1438,15.733333333333336,47.93333333333334,32.2
uid-02_take-03-1,2,3,3,4,Screw,1,False,1754,1844,58.466666666666676,61.466666666666676,3.0000000000000004
uid-02_take-03-1,2,4,3,4,Screw,1,False,1871,2075,62.366666666666674,69.16666666666667,6.800000000000001
uid-02_take-03-1,2,5,3,4,Screw,1,False,2147,2327,71.56666666666668,77.56666666666668,6.000000000000001
uid-02_take-03-1,2,6,3,4,Screw,1,False,2465,2653,82.16666666666667,88.43333333333334,6.2666666666666675
uid-02_take-03-1,2,7,3,4,Screw,1,False,2845,2957,94.83333333333334,98.56666666666668,3.733333333333334
uid-02_take-03-1,2,8,3,4,Screw,1,False,3088,3189,102.93333333333335,106.30000000000001,3.366666666666667
uid-02_take-03-1,2,9,3,4,Screw,1,False,3251,3352,108.36666666666667,111.73333333333335,3.366666666666667
uid-02_take-03-1,2,10,4,0,Pull Cables,1,False,3388,3445,112.93333333333335,114.83333333333334,1.9000000000000001
uid-02_take-03-1,2,11,5,5,Connect Cables,1,True,3651,3728,121.70000000000002,124.26666666666668,2.566666666666667
uid-02_take-03-1,2,12,5,5,Connect Cables,1,False,3783,4135,126.10000000000001,137.83333333333334,11.733333333333334
uid-02_take-03-1,2,13,6,6,Clamp Coupling,1,True,4214,4295,140.4666666666667,143.16666666666669,2.7
uid-02_take-03-1,2,14,6,6,Clamp Coupling,1,False,4222,4282,140.73333333333335,142.73333333333335,2.0000000000000004
uid-02_take-03-1,2,15,7,5,Connect Cables,1,False,4293,4424,143.10000000000002,147.4666666666667,4.366666666666667
uid-02_take-03-1,2,16,8,6,Clamp Coupling,1,False,4432,4483,147.73333333333335,149.43333333333334,1.7000000000000002
uid-02_take-03-1,2,17,9,2,Place,2,False,4734,4803,157.8,160.10000000000002,2.3000000000000003
uid-02_take-03-1,2,18,10,3,Align,2,False,4805,4892,160.16666666666669,163.0666666666667,2.9000000000000004
uid-02_take-03-1,2,19,11,4,Screw,2,False,5105,5188,170.16666666666669,172.93333333333337,2.766666666666667
uid-02_take-03-1,2,20,11,4,Screw,2,False,5280,5378,176.00000000000003,179.26666666666668,3.266666666666667
uid-02_take-03-1,2,21,11,4,Screw,2,False,5515,5599,183.83333333333334,186.63333333333335,2.8000000000000003
uid-02_take-03-1,2,22,11,4,Screw,2,False,5659,5760,188.63333333333335,192.00000000000003,3.366666666666667
uid-02_take-03-1,2,23,11,4,Screw,2,False,5913,6017,197.10000000000002,200.5666666666667,3.4666666666666672
uid-02_take-03-1,2,24,11,4,Screw,2,False,6051,6158,201.70000000000002,205.26666666666668,3.566666666666667
uid-02_take-03-1,2,25,12,5,Connect Cables,2,False,6327,6559,210.90000000000003,218.63333333333335,7.733333333333334
uid-02_take-03-1,2,26,13,6,Clamp Coupling,2,False,6747,6821,224.90000000000003,227.3666666666667,2.466666666666667
uid-02_take-03-1,2,27,13,6,Clamp Coupling,2,False,6829,6898,227.63333333333335,229.93333333333337,2.3000000000000003
uid-02_take-03-1,2,28,14,0,Pull Cables,3,False,6982,7022,232.73333333333335,234.0666666666667,1.3333333333333335
uid-02_take-03-1,2,29,15,2,Place,3,False,7134,7216,237.80000000000004,240.53333333333336,2.733333333333334
uid-02_take-03-1,2,30,16,3,Align,3,False,7213,7293,240.43333333333337,243.10000000000002,2.666666666666667
uid-02_take-03-1,2,31,17,4,Screw,3,False,7528,7678,250.93333333333337,255.93333333333337,5.000000000000001
uid-02_take-03-1,2,32,17,4,Screw,3,False,7710,7885,257.00000000000006,262.83333333333337,5.833333333333334
uid-02_take-03-1,2,33,17,4,Screw,3,False,7939,8027,264.6333333333334,267.5666666666667,2.9333333333333336
uid-02_take-03-1,2,34,17,4,Screw,3,False,8117,8272,270.5666666666667,275.73333333333335,5.166666666666667
uid-02_take-03-1,2,35,17,4,Screw,3,True,8379,8571,279.3,285.70000000000005,6.4
uid-02_take-03-1,2,36,17,4,Screw,3,False,8629,8769,287.6333333333334,292.3,4.666666666666667
uid-02_take-03-1,2,37,18,5,Connect Cables,3,False,9022,9201,300.73333333333335,306.70000000000005,5.966666666666668
uid-02_take-03,2,0,0,0,Pull Cables,1,False,74,93,2.466666666666667,3.1000000000000005,0.6333333333333334
uid-02_take-03,2,1,1,2,Place,1,False,210,471,7.000000000000001,15.700000000000001,8.700000000000001
uid-02_take-03,2,2,2,3,Align,1,False,472,1438,15.733333333333336,47.93333333333334,32.2
uid-02_take-03,2,3,3,4,Screw,1,False,1754,1844,58.466666666666676,61.466666666666676,3.0000000000000004
uid-02_take-03,2,4,3,4,Screw,1,False,1871,2075,62.366666666666674,69.16666666666667,6.800000000000001
uid-02_take-03,2,5,3,4,Screw,1,False,2147,2327,71.56666666666668,77.56666666666668,6.000000000000001
uid-02_take-03,2,6,3,4,Screw,1,False,2465,2653,82.16666666666667,88.43333333333334,6.2666666666666675
uid-02_take-03,2,7,3,4,Screw,1,False,2845,2957,94.83333333333334,98.56666666666668,3.733333333333334
uid-02_take-03,2,8,3,4,Screw,1,False,3088,3189,102.93333333333335,106.30000000000001,3.366666666666667
uid-02_take-03,2,9,3,4,Screw,1,False,3251,3352,108.36666666666667,111.73333333333335,3.366666666666667
uid-02_take-03,2,10,4,0,Pull Cables,1,False,3388,3445,112.93333333333335,114.83333333333334,1.9000000000000001
uid-02_take-03,2,11,5,5,Connect Cables,1,True,3651,3728,121.70000000000002,124.26666666666668,2.566666666666667
uid-02_take-03,2,12,5,5,Connect Cables,1,False,3783,4135,126.10000000000001,137.83333333333334,11.733333333333334
uid-02_take-03,2,13,6,6,Clamp Coupling,1,True,4214,4295,140.4666666666667,143.16666666666669,2.7
uid-02_take-03,2,14,6,6,Clamp Coupling,1,False,4222,4282,140.73333333333335,142.73333333333335,2.0000000000000004
uid-02_take-03,2,15,7,5,Connect Cables,1,False,4293,4424,143.10000000000002,147.4666666666667,4.366666666666667
uid-02_take-03,2,16,8,6,Clamp Coupling,1,False,4432,4483,147.73333333333335,149.43333333333334,1.7000000000000002
uid-02_take-03,2,17,9,2,Place,2,False,4734,4803,157.8,160.10000000000002,2.3000000000000003
uid-02_take-03,2,18,10,3,Align,2,False,4805,4892,160.16666666666669,163.0666666666667,2.9000000000000004
uid-02_take-03,2,19,11,4,Screw,2,False,5105,5188,170.16666666666669,172.93333333333337,2.766666666666667
uid-02_take-03,2,20,11,4,Screw,2,False,5280,5378,176.00000000000003,179.26666666666668,3.266666666666667
uid-02_take-03,2,21,11,4,Screw,2,False,5515,5599,183.83333333333334,186.63333333333335,2.8000000000000003
uid-02_take-03,2,22,11,4,Screw,2,False,5659,5760,188.63333333333335,192.00000000000003,3.366666666666667
uid-02_take-03,2,23,11,4,Screw,2,False,5913,6017,197.10000000000002,200.5666666666667,3.4666666666666672
uid-02_take-03,2,24,11,4,Screw,2,False,6051,6158,201.70000000000002,205.26666666666668,3.566666666666667
uid-02_take-03,2,25,12,5,Connect Cables,2,False,6327,6559,210.90000000000003,218.63333333333335,7.733333333333334
uid-02_take-03,2,26,13,6,Clamp Coupling,2,False,6747,6821,224.90000000000003,227.3666666666667,2.466666666666667
uid-02_take-03,2,27,13,6,Clamp Coupling,2,False,6829,6898,227.63333333333335,229.93333333333337,2.3000000000000003
uid-02_take-03,2,28,14,0,Pull Cables,3,False,6982,7022,232.73333333333335,234.0666666666667,1.3333333333333335
uid-02_take-03,2,29,15,2,Place,3,False,7134,7216,237.80000000000004,240.53333333333336,2.733333333333334
uid-02_take-03,2,30,16,3,Align,3,False,7213,7293,240.43333333333337,243.10000000000002,2.666666666666667
uid-02_take-03,2,31,17,4,Screw,3,False,7528,7678,250.93333333333337,255.93333333333337,5.000000000000001
uid-02_take-03,2,32,17,4,Screw,3,False,7710,7885,257.00000000000006,262.83333333333337,5.833333333333334
uid-02_take-03,2,33,17,4,Screw,3,False,7939,8027,264.6333333333334,267.5666666666667,2.9333333333333336
uid-02_take-03,2,34,17,4,Screw,3,False,8117,8272,270.5666666666667,275.73333333333335,5.166666666666667
uid-02_take-03,2,35,17,4,Screw,3,True,8379,8571,279.3,285.70000000000005,6.4
uid-02_take-03,2,36,17,4,Screw,3,False,8629,8769,287.6333333333334,292.3,4.666666666666667
uid-02_take-03,2,37,18,5,Connect Cables,3,False,9022,9201,300.73333333333335,306.70000000000005,5.966666666666668
uid-02_take-03,2,38,19,0,Pull Cables,3,True,9376,9450,312.53333333333336,315.00000000000006,2.466666666666667
uid-02_take-03,2,39,19,0,Pull Cables,3,True,9453,9516,315.1,317.20000000000005,2.1
uid-03_take-01-1,3,0,0,0,Pull Cables,1,False,222,254,7.400000000000001,8.466666666666667,1.0666666666666669
uid-03_take-01-1,3,1,0,0,Pull Cables,2,False,256,295,8.533333333333335,9.833333333333334,1.3
uid-03_take-01-1,3,2,1,2,Place,1,False,294,373,9.8,12.433333333333335,2.6333333333333337
uid-03_take-01-1,3,3,2,3,Align,1,True,373,910,12.433333333333335,30.333333333333336,17.900000000000002
uid-03_take-01-1,3,4,3,2,Place,1,False,946,1023,31.53333333333334,34.1,2.566666666666667
uid-03_take-01-1,3,5,4,3,Align,1,False,1022,1280,34.06666666666667,42.66666666666667,8.600000000000001
uid-03_take-01-1,3,6,5,4,Screw,1,False,1595,1770,53.16666666666667,59.00000000000001,5.833333333333334
uid-03_take-01-1,3,7,5,4,Screw,1,False,1900,2030,63.33333333333334,67.66666666666667,4.333333333333334
uid-03_take-01-1,3,8,5,4,Screw,1,False,2087,2253,69.56666666666668,75.10000000000001,5.533333333333334
uid-03_take-01-1,3,9,5,4,Screw,1,False,2355,2484,78.50000000000001,82.80000000000001,4.300000000000001
uid-03_take-01-1,3,10,5,4,Screw,1,False,2607,2760,86.9,92.00000000000001,5.1000000000000005
uid-03_take-01-1,3,11,5,4,Screw,1,False,2827,2942,94.23333333333335,98.06666666666668,3.833333333333334
uid-03_take-01-1,3,12,6,5,Connect Cables,1,True,3096,3258,103.20000000000002,108.60000000000001,5.4
uid-03_take-01-1,3,13,6,5,Connect Cables,1,True,3261,3452,108.70000000000002,115.06666666666668,6.366666666666667
uid-03_take-01-1,3,14,6,5,Connect Cables,1,False,3498,3687,116.60000000000001,122.90000000000002,6.300000000000001
uid-03_take-01-1,3,15,7,6,Clamp Coupling,1,False,3744,3805,124.80000000000001,126.83333333333334,2.0333333333333337
uid-03_take-01-1,3,16,7,6,Clamp Coupling,1,False,3809,3869,126.96666666666668,128.96666666666667,2.0000000000000004
uid-03_take-01-1,3,17,8,0,Pull Cables,2,False,4202,4221,140.0666666666667,140.70000000000002,0.6333333333333334
uid-03_take-01-1,3,18,8,0,Pull Cables,2,False,4222,4257,140.73333333333335,141.9,1.1666666666666667
uid-03_take-01-1,3,19,9,2,Place,2,False,4345,4508,144.83333333333334,150.26666666666668,5.433333333333334
uid-03_take-01-1,3,20,10,3,Align,2,False,4509,4637,150.3,154.5666666666667,4.2666666666666675
uid-03_take-01-1,3,21,11,4,Screw,2,False,4995,5125,166.50000000000003,170.83333333333334,4.333333333333334
uid-03_take-01-1,3,22,11,4,Screw,2,False,5237,5358,174.5666666666667,178.60000000000002,4.033333333333334
uid-03_take-01-1,3,23,11,4,Screw,2,False,5458,5567,181.93333333333337,185.5666666666667,3.6333333333333337
uid-03_take-01-1,3,24,11,4,Screw,2,False,5670,5793,189.00000000000003,193.10000000000002,4.1000000000000005
uid-03_take-01-1,3,25,11,4,Screw,2,False,5904,6028,196.8,200.93333333333337,4.133333333333334
uid-03_take-01-1,3,26,11,4,Screw,2,False,6194,6310,206.4666666666667,210.33333333333337,3.866666666666667
uid-03_take-01-1,3,27,12,5,Connect Cables,2,False,6512,6725,217.0666666666667,224.16666666666669,7.1000000000000005
uid-03_take-01-1,3,28,13,6,Clamp Coupling,2,False,6741,6803,224.70000000000002,226.76666666666668,2.066666666666667
uid-03_take-01-1,3,29,13,6,Clamp Coupling,2,False,6809,6834,226.9666666666667,227.80000000000004,0.8333333333333335
uid-03_take-01,3,0,0,0,Pull Cables,1,False,222,254,7.400000000000001,8.466666666666667,1.0666666666666669
uid-03_take-01,3,1,0,0,Pull Cables,2,False,256,295,8.533333333333335,9.833333333333334,1.3
uid-03_take-01,3,2,1,2,Place,1,False,294,373,9.8,12.433333333333335,2.6333333333333337
uid-03_take-01,3,3,2,3,Align,1,True,373,910,12.433333333333335,30.333333333333336,17.900000000000002
uid-03_take-01,3,4,3,2,Place,1,False,946,1023,31.53333333333334,34.1,2.566666666666667
uid-03_take-01,3,5,4,3,Align,1,False,1022,1280,34.06666666666667,42.66666666666667,8.600000000000001
uid-03_take-01,3,6,5,4,Screw,1,False,1595,1770,53.16666666666667,59.00000000000001,5.833333333333334
uid-03_take-01,3,7,5,4,Screw,1,False,1900,2030,63.33333333333334,67.66666666666667,4.333333333333334
uid-03_take-01,3,8,5,4,Screw,1,False,2087,2253,69.56666666666668,75.10000000000001,5.533333333333334
uid-03_take-01,3,9,5,4,Screw,1,False,2355,2484,78.50000000000001,82.80000000000001,4.300000000000001
uid-03_take-01,3,10,5,4,Screw,1,False,2607,2760,86.9,92.00000000000001,5.1000000000000005
uid-03_take-01,3,11,5,4,Screw,1,False,2827,2942,94.23333333333335,98.06666666666668,3.833333333333334
uid-03_take-01,3,12,6,5,Connect Cables,1,True,3096,3258,103.20000000000002,108.60000000000001,5.4
uid-03_take-01,3,13,6,5,Connect Cables,1,True,3261,3452,108.70000000000002,115.06666666666668,6.366666666666667
uid-03_take-01,3,14,6,5,Connect Cables,1,False,3498,3687,116.60000000000001,122.90000000000002,6.300000000000001
uid-03_take-01,3,15,7,6,Clamp Coupling,1,False,3744,3805,124.80000000000001,126.83333333333334,2.0333333333333337
uid-03_take-01,3,16,7,6,Clamp Coupling,1,False,3809,3869,126.96666666666668,128.96666666666667,2.0000000000000004
uid-03_take-01,3,17,8,0,Pull Cables,2,False,4202,4221,140.0666666666667,140.70000000000002,0.6333333333333334
uid-03_take-01,3,18,8,0,Pull Cables,2,False,4222,4257,140.73333333333335,141.9,1.1666666666666667
uid-03_take-01,3,19,9,2,Place,2,False,4345,4508,144.83333333333334,150.26666666666668,5.433333333333334
uid-03_take-01,3,20,10,3,Align,2,False,4509,4637,150.3,154.5666666666667,4.2666666666666675
uid-03_take-01,3,21,11,4,Screw,2,False,4995,5125,166.50000000000003,170.83333333333334,4.333333333333334
uid-03_take-01,3,22,11,4,Screw,2,False,5237,5358,174.5666666666667,178.60000000000002,4.033333333333334
uid-03_take-01,3,23,11,4,Screw,2,False,5458,5567,181.93333333333337,185.5666666666667,3.6333333333333337
uid-03_take-01,3,24,11,4,Screw,2,False,5670,5793,189.00000000000003,193.10000000000002,4.1000000000000005
uid-03_take-01,3,25,11,4,Screw,2,False,5904,6028,196.8,200.93333333333337,4.133333333333334
uid-03_take-01,3,26,11,4,Screw,2,False,6194,6310,206.4666666666667,210.33333333333337,3.866666666666667
uid-03_take-01,3,27,12,5,Connect Cables,2,False,6512,6725,217.0666666666667,224.16666666666669,7.1000000000000005
uid-03_take-01,3,28,13,6,Clamp Coupling,2,False,6741,6803,224.70000000000002,226.76666666666668,2.066666666666667
uid-03_take-01,3,29,13,6,Clamp Coupling,2,False,6809,6862,226.9666666666667,228.73333333333335,1.7666666666666668
uid-03_take-01,3,30,14,0,Pull Cables,3,False,6995,7034,233.16666666666669,234.4666666666667,1.3
uid-03_take-01,3,31,14,0,Pull Cables,3,False,7038,7072,234.60000000000002,235.73333333333335,1.1333333333333335
uid-03_take-01,3,32,15,2,Place,3,False,7137,7240,237.90000000000003,241.33333333333337,3.4333333333333336
uid-03_take-01,3,33,16,3,Align,3,False,7245,7366,241.50000000000003,245.53333333333336,4.033333333333334
uid-03_take-01,3,34,17,4,Screw,3,False,7570,7653,252.33333333333337,255.10000000000002,2.766666666666667
uid-03_take-01,3,35,17,4,Screw,3,False,7753,7831,258.43333333333334,261.03333333333336,2.6
uid-03_take-01,3,36,17,4,Screw,3,False,7893,8109,263.1,270.3,7.200000000000001
uid-03_take-01,3,37,17,4,Screw,3,True,10067,10189,335.5666666666667,339.6333333333334,4.066666666666667
uid-03_take-01,3,38,17,4,Screw,3,False,10209,10339,340.30000000000007,344.6333333333334,4.333333333333334
uid-03_take-01,3,39,17,4,Screw,3,False,10569,10745,352.30000000000007,358.1666666666667,5.866666666666667
uid-03_take-01,3,40,17,4,Screw,3,False,10866,10990,362.20000000000005,366.33333333333337,4.133333333333334
uid-03_take-01,3,41,17,4,Screw,3,False,11085,11189,369.50000000000006,372.9666666666667,3.4666666666666672
uid-03_take-01,3,42,18,5,Connect Cables,3,False,11405,11571,380.1666666666667,385.70000000000005,5.533333333333334
uid-03_take-01,3,43,19,6,Clamp Coupling,3,False,11607,11659,386.90000000000003,388.6333333333334,1.7333333333333336
uid-03_take-01,3,44,19,6,Clamp Coupling,3,False,11661,11732,388.70000000000005,391.0666666666667,2.366666666666667
uid-03_take-02,3,0,0,0,Pull Cables,1,False,139,152,4.633333333333334,5.066666666666667,0.4333333333333334
uid-03_take-02,3,1,0,0,Pull Cables,1,False,152,203,5.066666666666667,6.7666666666666675,1.7000000000000002
uid-03_take-02,3,2,1,2,Place,1,False,282,434,9.4,14.466666666666669,5.066666666666667
uid-03_take-02,3,3,2,3,Align,1,False,434,608,14.466666666666669,20.26666666666667,5.800000000000001
uid-03_take-02,3,4,3,4,Screw,1,False,948,1047,31.600000000000005,34.900000000000006,3.3000000000000003
uid-03_take-02,3,5,3,4,Screw,1,False,1150,1236,38.333333333333336,41.2,2.866666666666667
uid-03_take-02,3,6,3,4,Screw,1,False,1348,1417,44.93333333333334,47.23333333333334,2.3000000000000003
uid-03_take-02,3,7,3,4,Screw,1,False,1510,1673,50.33333333333334,55.76666666666667,5.433333333333334
uid-03_take-02,3,8,3,4,Screw,1,False,1820,1963,60.66666666666667,65.43333333333334,4.7666666666666675
uid-03_take-02,3,9,3,4,Screw,1,False,2124,2266,70.80000000000001,75.53333333333335,4.733333333333334
uid-03_take-02,3,10,4,5,Connect Cables,1,False,2451,2770,81.7,92.33333333333334,10.633333333333335
uid-03_take-02,3,11,5,6,Clamp Coupling,1,False,2827,2878,94.23333333333335,95.93333333333335,1.7000000000000002
uid-03_take-02,3,12,5,6,Clamp Coupling,1,False,2882,2963,96.06666666666668,98.76666666666668,2.7
uid-03_take-02,3,13,6,2,Place,2,False,3248,3391,108.26666666666668,113.03333333333335,4.7666666666666675
uid-03_take-02,3,14,7,3,Align,2,False,3395,3602,113.16666666666669,120.06666666666668,6.900000000000001
uid-03_take-02,3,15,8,4,Screw,2,False,4015,4146,133.83333333333334,138.20000000000002,4.366666666666667
uid-03_take-02,3,16,8,4,Screw,2,False,4260,4377,142.00000000000003,145.9,3.9000000000000004
uid-03_take-02,3,17,8,4,Screw,2,False,4418,4538,147.26666666666668,151.26666666666668,4.000000000000001
uid-03_take-02,3,18,8,4,Screw,2,False,4622,4724,154.0666666666667,157.4666666666667,3.4000000000000004
uid-03_take-02,3,19,8,4,Screw,2,False,4802,4911,160.0666666666667,163.70000000000002,3.6333333333333337
uid-03_take-02,3,20,8,4,Screw,2,False,4951,5148,165.03333333333336,171.60000000000002,6.566666666666667
uid-03_take-02,3,21,9,5,Connect Cables,2,False,5275,5646,175.83333333333334,188.20000000000002,12.366666666666669
uid-03_take-02,3,22,10,6,Clamp Coupling,2,False,5652,5733,188.40000000000003,191.10000000000002,2.7
uid-03_take-02,3,23,10,6,Clamp Coupling,2,False,5739,5787,191.3,192.90000000000003,1.6
uid-03_take-02,3,24,11,0,Pull Cables,3,False,5901,5925,196.70000000000002,197.50000000000003,0.8
uid-03_take-02,3,25,11,0,Pull Cables,3,False,5924,5956,197.4666666666667,198.53333333333336,1.0666666666666669
uid-03_take-02,3,26,12,2,Place,3,False,6059,6136,201.9666666666667,204.53333333333336,2.566666666666667
uid-03_take-02,3,27,13,3,Align,3,False,6137,6320,204.5666666666667,210.66666666666669,6.1000000000000005
uid-03_take-02,3,28,14,4,Screw,3,False,6678,6778,222.60000000000002,225.93333333333337,3.333333333333334
uid-03_take-02,3,29,14,4,Screw,3,False,6930,7043,231.00000000000003,234.7666666666667,3.766666666666667
uid-03_take-02,3,30,14,4,Screw,3,False,7127,7273,237.5666666666667,242.43333333333337,4.866666666666667
uid-03_take-02,3,31,14,4,Screw,3,False,7378,7585,245.93333333333337,252.83333333333337,6.900000000000001
uid-03_take-02,3,32,14,4,Screw,3,False,7642,7747,254.73333333333338,258.23333333333335,3.5000000000000004
uid-03_take-02,3,33,14,4,Screw,3,False,7812,7941,260.40000000000003,264.70000000000005,4.300000000000001
uid-03_take-02,3,34,15,5,Connect Cables,3,True,8070,8243,269.00000000000006,274.7666666666667,5.7666666666666675
uid-03_take-02,3,35,15,5,Connect Cables,3,False,8260,8380,275.33333333333337,279.33333333333337,4.000000000000001
uid-03_take-02,3,36,16,6,Clamp Coupling,3,False,8385,8514,279.50000000000006,283.8,4.300000000000001
uid-03_take-02,3,37,16,6,Clamp Coupling,3,False,8515,8581,283.83333333333337,286.03333333333336,2.2
uid-04_take-01,4,0,0,0,Pull Cables,1,False,73,112,2.4333333333333336,3.733333333333334,1.3
uid-04_take-01,4,1,0,0,Pull Cables,1,False,112,168,3.733333333333334,5.6000000000000005,1.866666666666667
uid-04_take-01,4,2,1,2,Place,1,False,409,679,13.633333333333335,22.633333333333336,9.000000000000002
uid-04_take-01,4,3,2,3,Align,1,False,678,795,22.6,26.500000000000004,3.9000000000000004
uid-04_take-01,4,4,3,4,Screw,1,False,1175,1368,39.16666666666667,45.60000000000001,6.4333333333333345
uid-04_take-01,4,5,3,4,Screw,1,False,1653,1765,55.10000000000001,58.83333333333334,3.733333333333334
uid-04_take-01,4,6,3,4,Screw,1,False,1879,1990,62.63333333333334,66.33333333333334,3.7000000000000006
uid-04_take-01,4,7,3,4,Screw,1,False,2038,2161,67.93333333333334,72.03333333333335,4.1000000000000005
uid-04_take-01,4,8,3,4,Screw,1,False,2250,2374,75.00000000000001,79.13333333333334,4.133333333333334
uid-04_take-01,4,9,3,4,Screw,1,False,2516,2609,83.86666666666667,86.96666666666668,3.1000000000000005
uid-04_take-01,4,10,4,5,Connect Cables,1,False,2800,3011,93.33333333333334,100.36666666666667,7.033333333333334
uid-04_take-01,4,11,5,6,Clamp Coupling,1,False,3017,3083,100.56666666666668,102.76666666666668,2.2
uid-04_take-01,4,12,6,5,Connect Cables,1,False,3115,3186,103.83333333333334,106.20000000000002,2.366666666666667
uid-04_take-01,4,13,7,6,Clamp Coupling,1,False,3194,3282,106.46666666666668,109.40000000000002,2.9333333333333336
uid-04_take-01,4,14,7,6,Clamp Coupling,1,False,3286,3349,109.53333333333335,111.63333333333334,2.1
uid-04_take-01,4,15,8,0,Pull Cables,2,False,3494,3581,116.46666666666668,119.36666666666667,2.9000000000000004
uid-04_take-01,4,16,9,2,Place,2,False,3656,3738,121.86666666666667,124.60000000000001,2.733333333333334
uid-04_take-01,4,17,10,3,Align,2,False,3738,3958,124.60000000000001,131.93333333333334,7.333333333333334
uid-04_take-01,4,18,11,4,Screw,2,False,4367,4518,145.5666666666667,150.60000000000002,5.033333333333334
uid-04_take-01,4,19,11,4,Screw,2,False,4575,4697,152.50000000000003,156.5666666666667,4.066666666666667
uid-04_take-01,4,20,11,4,Screw,2,False,4725,4821,157.50000000000003,160.70000000000002,3.2
uid-04_take-01,4,21,11,4,Screw,2,False,4896,4978,163.20000000000002,165.93333333333337,2.733333333333334
uid-04_take-01,4,22,11,4,Screw,2,False,5062,5144,168.73333333333335,171.4666666666667,2.733333333333334
uid-04_take-01,4,23,11,4,Screw,2,False,5223,5327,174.10000000000002,177.5666666666667,3.4666666666666672
uid-04_take-01,4,24,12,5,Connect Cables,2,False,5450,5567,181.66666666666669,185.5666666666667,3.9000000000000004
uid-04_take-01,4,25,13,6,Clamp Coupling,2,False,5570,5633,185.66666666666669,187.76666666666668,2.1
uid-04_take-01,4,26,13,6,Clamp Coupling,2,False,5638,5732,187.93333333333337,191.0666666666667,3.1333333333333337
uid-04_take-01,4,27,14,0,Pull Cables,3,False,5794,5884,193.13333333333335,196.13333333333335,3.0000000000000004
uid-04_take-01,4,28,15,2,Place,3,False,5951,6406,198.3666666666667,213.53333333333336,15.166666666666668
uid-04_take-01,4,29,16,3,Align,3,False,6412,6933,213.73333333333335,231.10000000000002,17.366666666666667
uid-04_take-01,4,30,17,2,Place,3,True,7162,7298,238.73333333333335,243.2666666666667,4.533333333333334
uid-04_take-01,4,31,17,2,Place,3,False,7293,7481,243.10000000000002,249.3666666666667,6.2666666666666675
uid-04_take-01,4,32,18,3,Align,3,False,7484,7685,249.4666666666667,256.1666666666667,6.700000000000001
uid-04_take-01,4,33,19,4,Screw,3,False,7860,7996,262.00000000000006,266.53333333333336,4.533333333333334
uid-04_take-01,4,34,19,4,Screw,3,False,8065,8225,268.83333333333337,274.1666666666667,5.333333333333334
uid-04_take-01,4,35,19,4,Screw,3,False,8362,8474,278.73333333333335,282.4666666666667,3.733333333333334
uid-04_take-01,4,36,19,4,Screw,3,False,8539,8681,284.6333333333334,289.3666666666667,4.733333333333334
uid-04_take-01,4,37,19,4,Screw,3,False,8768,8858,292.2666666666667,295.2666666666667,3.0000000000000004
uid-04_take-01,4,38,19,4,Screw,3,False,8910,9022,297.00000000000006,300.73333333333335,3.733333333333334
uid-04_take-01,4,39,20,5,Connect Cables,3,False,9349,9442,311.6333333333334,314.73333333333335,3.1000000000000005
uid-04_take-01,4,40,21,6,Clamp Coupling,3,False,9461,9551,315.36666666666673,318.36666666666673,3.0000000000000004
uid-04_take-01,4,41,21,6,Clamp Coupling,3,False,9553,9619,318.4333333333334,320.6333333333334,2.2
uid-04_take-02,4,0,0,0,Pull Cables,1,False,99,140,3.3000000000000003,4.666666666666667,1.366666666666667
uid-04_take-02,4,1,0,0,Pull Cables,1,False,140,158,4.666666666666667,5.2666666666666675,0.6000000000000001
uid-04_take-02,4,2,1,2,Place,1,False,324,505,10.8,16.833333333333336,6.033333333333334
uid-04_take-02,4,3,2,3,Align,1,False,505,835,16.833333333333336,27.833333333333336,11.000000000000002
uid-04_take-02,4,4,3,4,Screw,1,False,1023,1248,34.1,41.6,7.500000000000001
uid-04_take-02,4,5,3,4,Screw,1,False,1255,1416,41.833333333333336,47.2,5.366666666666667
uid-04_take-02,4,6,3,4,Screw,1,False,1461,1612,48.7,53.73333333333334,5.033333333333334
uid-04_take-02,4,7,3,4,Screw,1,False,1754,1852,58.466666666666676,61.73333333333334,3.266666666666667
uid-04_take-02,4,8,3,4,Screw,1,False,1902,2040,63.400000000000006,68.00000000000001,4.6000000000000005
uid-04_take-02,4,9,3,4,Screw,1,False,2085,2255,69.50000000000001,75.16666666666667,5.666666666666667
uid-04_take-02,4,10,4,5,Connect Cables,1,False,2387,2532,79.56666666666668,84.4,4.833333333333334
uid-04_take-02,4,11,5,6,Clamp Coupling,1,False,2538,2617,84.60000000000001,87.23333333333335,2.6333333333333337
uid-04_take-02,4,12,5,6,Clamp Coupling,1,False,2621,2717,87.36666666666667,90.56666666666668,3.2
uid-04_take-02,4,13,6,2,Place,2,False,3082,3197,102.73333333333335,106.56666666666668,3.833333333333334
uid-04_take-02,4,14,7,3,Align,2,False,3197,3403,106.56666666666668,113.43333333333335,6.866666666666667
uid-04_take-02,4,15,8,4,Screw,2,False,3644,3788,121.46666666666668,126.26666666666668,4.800000000000001
uid-04_take-02,4,16,8,4,Screw,2,False,3826,3952,127.53333333333335,131.73333333333335,4.2
uid-04_take-02,4,17,8,4,Screw,2,False,4027,4139,134.23333333333335,137.9666666666667,3.733333333333334
uid-04_take-02,4,18,8,4,Screw,2,False,4201,4293,140.03333333333336,143.10000000000002,3.066666666666667
uid-04_take-02,4,19,8,4,Screw,2,False,4400,4511,146.66666666666669,150.36666666666667,3.7000000000000006
uid-04_take-02,4,20,8,4,Screw,2,False,4604,4688,153.4666666666667,156.26666666666668,2.8000000000000003
uid-04_take-02,4,21,9,5,Connect Cables,2,False,4790,4947,159.66666666666669,164.9,5.233333333333334
uid-04_take-02,4,22,10,6,Clamp Coupling,2,False,4951,5009,165.03333333333336,166.9666666666667,1.9333333333333336
uid-04_take-02,4,23,10,6,Clamp Coupling,2,False,5016,5083,167.20000000000002,169.43333333333337,2.2333333333333334
uid-04_take-02,4,24,11,0,Pull Cables,1,False,5183,5215,172.76666666666668,173.83333333333334,1.0666666666666669
uid-04_take-02,4,25,12,2,Place,3,False,5277,5390,175.90000000000003,179.66666666666669,3.766666666666667
uid-04_take-02,4,26,13,3,Align,3,False,5390,5473,179.66666666666669,182.43333333333337,2.766666666666667
uid-04_take-02,4,27,14,4,Screw,3,False,5615,5722,187.16666666666669,190.73333333333335,3.566666666666667
uid-04_take-02,4,28,14,4,Screw,3,False,5828,5944,194.26666666666668,198.13333333333335,3.866666666666667
uid-04_take-02,4,29,14,4,Screw,3,False,6017,6125,200.5666666666667,204.16666666666669,3.6000000000000005
uid-04_take-02,4,30,14,4,Screw,3,False,6161,6257,205.3666666666667,208.5666666666667,3.2
uid-04_take-02,4,31,14,4,Screw,3,False,6440,6515,214.66666666666669,217.16666666666669,2.5000000000000004
uid-04_take-02,4,32,14,4,Screw,3,False,6580,6668,219.33333333333337,222.26666666666668,2.9333333333333336
uid-04_take-02,4,33,15,5,Connect Cables,3,False,6832,6972,227.73333333333335,232.40000000000003,4.666666666666667
uid-04_take-02,4,34,16,6,Clamp Coupling,3,False,6976,7071,232.53333333333336,235.70000000000002,3.166666666666667
uid-04_take-02,4,35,16,6,Clamp Coupling,3,False,7073,7151,235.7666666666667,238.3666666666667,2.6
uid-05_take-01,5,0,0,0,Pull Cables,1,False,191,225,6.366666666666667,7.500000000000001,1.1333333333333335
uid-05_take-01,5,1,1,2,Place,1,False,205,537,6.833333333333334,17.900000000000002,11.066666666666668
uid-05_take-01,5,2,2,0,Pull Cables,1,False,226,249,7.533333333333334,8.3,0.7666666666666667
uid-05_take-01,5,3,3,3,Align,1,False,537,807,17.900000000000002,26.900000000000002,9.000000000000002
uid-05_take-01,5,4,4,4,Screw,1,False,1283,1546,42.76666666666667,51.53333333333334,8.766666666666667
uid-05_take-01,5,5,4,4,Screw,1,False,1596,1771,53.2,59.03333333333334,5.833333333333334
uid-05_take-01,5,6,4,4,Screw,1,False,1842,2098,61.400000000000006,69.93333333333334,8.533333333333335
uid-05_take-01,5,7,4,4,Screw,1,False,2148,2349,71.60000000000001,78.30000000000001,6.700000000000001
uid-05_take-01,5,8,5,5,Connect Cables,1,False,2471,2790,82.36666666666667,93.00000000000001,10.633333333333335
uid-05_take-01,5,9,6,6,Clamp Coupling,1,False,3243,3353,108.10000000000001,111.76666666666668,3.666666666666667
uid-05_take-01,5,10,6,6,Clamp Coupling,1,False,3354,3894,111.80000000000001,129.8,18.000000000000004
uid-05_take-01,5,11,6,6,Clamp Coupling,1,False,3933,4021,131.10000000000002,134.03333333333336,2.9333333333333336
uid-05_take-01,5,12,7,0,Pull Cables,2,False,4381,4450,146.03333333333336,148.33333333333334,2.3000000000000003
uid-05_take-01,5,13,7,0,Pull Cables,2,False,4447,4498,148.23333333333335,149.93333333333334,1.7000000000000002
uid-05_take-01,5,14,8,2,Place,2,False,4556,4756,151.86666666666667,158.53333333333336,6.666666666666668
uid-05_take-01,5,15,8,2,Place,2,True,4758,4879,158.60000000000002,162.63333333333335,4.033333333333334
uid-05_take-01,5,16,8,2,Place,2,False,4881,4996,162.70000000000002,166.53333333333336,3.833333333333334
uid-05_take-01,5,17,9,3,Align,2,False,4996,5204,166.53333333333336,173.4666666666667,6.9333333333333345
uid-05_take-01,5,18,10,4,Screw,2,False,5352,5672,178.40000000000003,189.0666666666667,10.666666666666668
uid-05_take-01,5,19,10,4,Screw,2,False,5704,5894,190.13333333333335,196.4666666666667,6.333333333333334
uid-05_take-01,5,20,10,4,Screw,2,False,5996,6157,199.8666666666667,205.23333333333335,5.366666666666667
uid-05_take-01,5,21,10,4,Screw,2,False,6206,6420,206.8666666666667,214.00000000000003,7.133333333333334
uid-05_take-01,5,22,11,5,Connect Cables,2,False,6542,6804,218.0666666666667,226.80000000000004,8.733333333333334
uid-05_take-01,5,23,12,6,Clamp Coupling,2,False,6812,6914,227.0666666666667,230.4666666666667,3.4000000000000004
uid-05_take-01,5,24,12,6,Clamp Coupling,2,False,6918,7029,230.60000000000002,234.30000000000004,3.7000000000000006
uid-05_take-01,5,25,13,0,Pull Cables,3,False,7428,7465,247.60000000000002,248.83333333333337,1.2333333333333334
uid-05_take-01,5,26,14,2,Place,3,False,7466,7740,248.8666666666667,258.00000000000006,9.133333333333335
uid-05_take-01,5,27,15,0,Pull Cables,3,False,7480,7548,249.33333333333337,251.60000000000002,2.266666666666667
uid-05_take-01,5,28,16,3,Align,3,False,7740,8054,258.00000000000006,268.4666666666667,10.466666666666669
uid-05_take-01,5,29,17,4,Screw,3,False,8335,8516,277.83333333333337,283.8666666666667,6.033333333333334
uid-05_take-01,5,30,17,4,Screw,3,False,8569,8715,285.6333333333334,290.50000000000006,4.866666666666667
uid-05_take-01,5,31,17,4,Screw,3,False,8759,8877,291.9666666666667,295.90000000000003,3.933333333333334
uid-05_take-01,5,32,17,4,Screw,3,False,8918,9095,297.2666666666667,303.1666666666667,5.9
uid-05_take-01,5,33,18,5,Connect Cables,3,False,9230,9569,307.6666666666667,318.9666666666667,11.3
uid-05_take-01,5,34,19,6,Clamp Coupling,3,False,9568,9684,318.9333333333334,322.8,3.866666666666667
uid-05_take-01,5,35,19,6,Clamp Coupling,3,False,9688,9801,322.9333333333334,326.70000000000005,3.766666666666667
uid-05_take-02,5,0,0,0,Pull Cables,1,False,249,314,8.3,10.466666666666669,2.166666666666667
uid-05_take-02,5,1,0,0,Pull Cables,1,False,365,447,12.166666666666668,14.900000000000002,2.733333333333334
uid-05_take-02,5,2,1,2,Place,1,False,453,652,15.100000000000001,21.733333333333334,6.633333333333334
uid-05_take-02,5,3,2,3,Align,1,False,652,1104,21.733333333333334,36.800000000000004,15.066666666666668
uid-05_take-02,5,4,3,4,Screw,1,False,1435,1653,47.833333333333336,55.10000000000001,7.2666666666666675
uid-05_take-02,5,5,3,4,Screw,1,False,1803,1971,60.10000000000001,65.7,5.6000000000000005
uid-05_take-02,5,6,3,4,Screw,1,False,2117,2258,70.56666666666668,75.26666666666668,4.7
uid-05_take-02,5,7,3,4,Screw,1,False,2307,2460,76.9,82.00000000000001,5.1000000000000005
uid-05_take-02,5,8,3,4,Screw,1,True,2351,2586,78.36666666666667,86.20000000000002,7.833333333333334
uid-05_take-02,5,9,3,4,Screw,1,False,2679,2956,89.30000000000001,98.53333333333335,9.233333333333334
uid-05_take-02,5,10,3,4,Screw,1,False,3000,3188,100.00000000000001,106.26666666666668,6.2666666666666675
uid-05_take-02,5,11,4,5,Connect Cables,1,False,3330,3524,111.00000000000001,117.46666666666668,6.466666666666668
uid-05_take-02,5,12,5,6,Clamp Coupling,1,False,3529,3608,117.63333333333335,120.26666666666668,2.6333333333333337
uid-05_take-02,5,13,5,6,Clamp Coupling,1,False,3613,3699,120.43333333333335,123.30000000000001,2.866666666666667
uid-05_take-02,5,14,6,0,Pull Cables,2,False,3897,3962,129.9,132.0666666666667,2.166666666666667
uid-05_take-02,5,15,6,0,Pull Cables,2,False,3963,4023,132.10000000000002,134.10000000000002,2.0000000000000004
uid-05_take-02,5,16,7,2,Place,2,False,4025,4208,134.16666666666669,140.26666666666668,6.1000000000000005
uid-05_take-02,5,17,8,3,Align,2,False,4213,4435,140.43333333333334,147.83333333333334,7.400000000000001
uid-05_take-02,5,18,9,4,Screw,2,False,4656,4779,155.20000000000002,159.3,4.1000000000000005
uid-05_take-02,5,19,9,4,Screw,2,False,4885,5081,162.83333333333334,169.36666666666667,6.533333333333334
uid-05_take-02,5,20,9,4,Screw,2,False,5182,5278,172.73333333333335,175.93333333333337,3.2
uid-05_take-02,5,21,9,4,Screw,2,False,5372,5468,179.0666666666667,182.26666666666668,3.2
uid-05_take-02,5,22,9,4,Screw,2,False,5548,5657,184.93333333333337,188.5666666666667,3.6333333333333337
uid-05_take-02,5,23,9,4,Screw,2,False,5708,5823,190.26666666666668,194.10000000000002,3.833333333333334
uid-05_take-02,5,24,10,5,Connect Cables,2,False,5932,6330,197.73333333333335,211.00000000000003,13.266666666666667
uid-05_take-02,5,25,11,6,Clamp Coupling,2,False,6347,6442,211.5666666666667,214.73333333333335,3.166666666666667
uid-05_take-02,5,26,11,6,Clamp Coupling,2,False,6444,6538,214.8,217.93333333333337,3.1333333333333337
uid-05_take-02,5,27,12,0,Pull Cables,3,False,6745,6823,224.83333333333337,227.43333333333337,2.6
uid-05_take-02,5,28,12,0,Pull Cables,3,False,6846,6925,228.20000000000002,230.83333333333337,2.6333333333333337
uid-05_take-02,5,29,13,2,Place,3,False,6930,7096,231.00000000000003,236.53333333333336,5.533333333333334
uid-05_take-02,5,30,14,3,Align,3,False,7107,7558,236.90000000000003,251.93333333333337,15.033333333333335
uid-05_take-02,5,31,15,4,Screw,3,False,7819,7975,260.6333333333334,265.83333333333337,5.2
uid-05_take-02,5,32,15,4,Screw,3,False,8091,8214,269.70000000000005,273.8,4.1000000000000005
uid-05_take-02,5,33,15,4,Screw,3,False,8319,8433,277.3,281.1,3.8000000000000003
uid-05_take-02,5,34,15,4,Screw,3,False,8528,8640,284.2666666666667,288.00000000000006,3.733333333333334
uid-05_take-02,5,35,15,4,Screw,3,False,8681,8828,289.3666666666667,294.2666666666667,4.9
uid-05_take-02,5,36,15,4,Screw,3,False,8921,9025,297.3666666666667,300.83333333333337,3.4666666666666672
uid-05_take-02,5,37,16,5,Connect Cables,3,False,9166,9387,305.53333333333336,312.90000000000003,7.366666666666667
uid-05_take-02,5,38,17,6,Clamp Coupling,3,False,9415,9505,313.83333333333337,316.83333333333337,3.0000000000000004
uid-05_take-02,5,39,18,0,Pull Cables,3,True,9512,9597,317.0666666666667,319.90000000000003,2.8333333333333335
uid-06_take-01,6,0,0,2,Place,1,False,275,456,9.166666666666668,15.200000000000001,6.033333333333334
uid-06_take-01,6,1,1,3,Align,1,False,457,663,15.233333333333334,22.1,6.866666666666667
uid-06_take-01,6,2,2,0,Pull Cables,1,False,668,733,22.26666666666667,24.433333333333337,2.166666666666667
uid-06_take-01,6,3,2,0,Pull Cables,1,False,734,812,24.46666666666667,27.06666666666667,2.6
uid-06_take-01,6,4,3,4,Screw,1,False,1117,1544,37.233333333333334,51.466666666666676,14.233333333333334
uid-06_take-01,6,5,3,4,Screw,1,False,1608,1889,53.60000000000001,62.966666666666676,9.366666666666667
uid-06_take-01,6,6,3,4,Screw,1,False,1931,2198,64.36666666666667,73.26666666666668,8.9
uid-06_take-01,6,7,3,4,Screw,1,False,2408,2630,80.26666666666668,87.66666666666667,7.400000000000001
uid-06_take-01,6,8,3,4,Screw,1,False,2660,2869,88.66666666666667,95.63333333333334,6.966666666666668
uid-06_take-01,6,9,3,4,Screw,1,False,2974,3119,99.13333333333334,103.96666666666668,4.833333333333334
uid-06_take-01,6,10,4,5,Connect Cables,1,False,3349,3599,111.63333333333334,119.96666666666668,8.333333333333334
uid-06_take-01,6,11,5,6,Clamp Coupling,1,False,3766,4060,125.53333333333335,135.33333333333334,9.8
uid-06_take-01,6,12,6,5,Connect Cables,1,True,4070,4196,135.66666666666669,139.86666666666667,4.2
uid-06_take-01,6,13,7,6,Clamp Coupling,1,False,4234,4305,141.13333333333335,143.50000000000003,2.366666666666667
uid-06_take-01,6,14,8,2,Place,2,False,4644,4889,154.8,162.9666666666667,8.166666666666668
uid-06_take-01,6,15,9,3,Align,2,False,4891,5023,163.03333333333336,167.43333333333337,4.4
uid-06_take-01,6,16,10,0,Pull Cables,2,False,5050,5101,168.33333333333334,170.03333333333336,1.7000000000000002
uid-06_take-01,6,17,10,0,Pull Cables,2,False,5104,5164,170.13333333333335,172.13333333333335,2.0000000000000004
uid-06_take-01,6,18,11,4,Screw,2,False,5434,5614,181.13333333333335,187.13333333333335,6.000000000000001
uid-06_take-01,6,19,11,4,Screw,2,False,5699,5887,189.9666666666667,196.23333333333335,6.2666666666666675
uid-06_take-01,6,20,11,4,Screw,2,False,5960,6120,198.66666666666669,204.00000000000003,5.333333333333334
uid-06_take-01,6,21,11,4,Screw,2,False,6332,6540,211.0666666666667,218.00000000000003,6.9333333333333345
uid-06_take-01,6,22,11,4,Screw,2,False,6606,6768,220.20000000000002,225.60000000000002,5.4
uid-06_take-01,6,23,11,4,Screw,2,False,6792,6972,226.40000000000003,232.40000000000003,6.000000000000001
uid-06_take-01,6,24,12,5,Connect Cables,2,False,7092,7310,236.40000000000003,243.66666666666669,7.2666666666666675
uid-06_take-01,6,25,13,6,Clamp Coupling,2,False,7396,7484,246.53333333333336,249.4666666666667,2.9333333333333336
uid-06_take-01,6,26,13,6,Clamp Coupling,2,False,7486,7638,249.53333333333336,254.60000000000002,5.066666666666667
uid-06_take-01,6,27,14,2,Place,3,False,7926,8068,264.20000000000005,268.93333333333334,4.733333333333334
uid-06_take-01,6,28,15,3,Align,3,False,8072,8194,269.0666666666667,273.1333333333334,4.066666666666667
uid-06_take-01,6,29,16,0,Pull Cables,3,False,8204,8258,273.4666666666667,275.2666666666667,1.8000000000000003
uid-06_take-01,6,30,16,0,Pull Cables,3,False,8262,8324,275.40000000000003,277.4666666666667,2.066666666666667
uid-06_take-01,6,31,17,4,Screw,3,False,8530,8652,284.33333333333337,288.40000000000003,4.066666666666667
uid-06_take-01,6,32,17,4,Screw,3,False,8804,8912,293.4666666666667,297.0666666666667,3.6000000000000005
uid-06_take-01,6,33,17,4,Screw,3,False,9048,9178,301.6,305.9333333333334,4.333333333333334
uid-06_take-01,6,34,17,4,Screw,3,False,9294,9462,309.8,315.40000000000003,5.6000000000000005
uid-06_take-01,6,35,17,4,Screw,3,False,9640,9756,321.33333333333337,325.20000000000005,3.866666666666667
uid-06_take-01,6,36,17,4,Screw,3,False,9834,10036,327.8,334.53333333333336,6.733333333333334
uid-06_take-01,6,37,18,5,Connect Cables,3,False,10566,10836,352.20000000000005,361.20000000000005,9.000000000000002
uid-06_take-01,6,38,19,6,Clamp Coupling,3,False,10904,11020,363.4666666666667,367.33333333333337,3.866666666666667
uid-06_take-01,6,39,19,6,Clamp Coupling,3,False,11030,11136,367.6666666666667,371.20000000000005,3.5333333333333337
uid-06_take-02,6,0,0,4,Screw,1,True,281,509,9.366666666666667,16.96666666666667,7.6000000000000005
uid-06_take-02,6,1,0,4,Screw,1,True,514,984,17.133333333333336,32.800000000000004,15.666666666666668
uid-06_take-02,6,2,0,4,Screw,1,True,1037,1199,34.56666666666667,39.96666666666667,5.4
uid-06_take-02,6,3,0,4,Screw,1,True,1200,1319,40.00000000000001,43.96666666666667,3.9666666666666672
uid-06_take-02,6,4,0,4,Screw,1,True,1319,1430,43.96666666666667,47.66666666666667,3.7000000000000006
uid-06_take-02,6,5,1,3,Align,1,True,1503,1550,50.10000000000001,51.66666666666667,1.5666666666666669
uid-06_take-02,6,6,2,2,Place,1,True,1550,1590,51.66666666666667,53.00000000000001,1.3333333333333335
uid-06_take-02,6,7,2,2,Place,1,False,1701,1966,56.70000000000001,65.53333333333335,8.833333333333334
uid-06_take-02,6,8,3,3,Align,1,True,1881,2383,62.70000000000001,79.43333333333334,16.733333333333334
uid-06_take-02,6,9,4,2,Place,1,True,2395,2446,79.83333333333334,81.53333333333335,1.7000000000000002
uid-06_take-02,6,10,4,2,Place,1,False,2514,2638,83.80000000000001,87.93333333333334,4.133333333333334
uid-06_take-02,6,11,5,3,Align,1,False,2709,2793,90.30000000000001,93.10000000000001,2.8000000000000003
uid-06_take-02,6,12,6,4,Screw,1,False,3062,3311,102.06666666666668,110.36666666666667,8.3
uid-06_take-02,6,13,6,4,Screw,1,False,3377,3519,112.56666666666668,117.30000000000001,4.733333333333334
uid-06_take-02,6,14,6,4,Screw,1,False,3598,3905,119.93333333333335,130.16666666666669,10.233333333333334
uid-06_take-02,6,15,6,4,Screw,1,False,4085,4191,136.16666666666669,139.70000000000002,3.5333333333333337
uid-06_take-02,6,16,6,4,Screw,1,False,4318,4468,143.93333333333334,148.93333333333334,5.000000000000001
uid-06_take-02,6,17,6,4,Screw,1,False,4470,4599,149.00000000000003,153.3,4.300000000000001
uid-06_take-02,6,18,7,0,Pull Cables,2,False,4731,4827,157.70000000000002,160.9,3.2
uid-06_take-02,6,19,7,0,Pull Cables,2,False,4731,4827,157.70000000000002,160.9,3.2
uid-06_take-02,6,20,8,2,Place,2,False,4974,5081,165.8,169.36666666666667,3.566666666666667
uid-06_take-02,6,21,9,3,Align,2,False,5083,5245,169.43333333333337,174.83333333333334,5.4
uid-06_take-02,6,22,10,5,Connect Cables,2,False,5882,6066,196.0666666666667,202.20000000000002,6.133333333333334
uid-06_take-02,6,23,11,6,Clamp Coupling,2,False,6194,6377,206.4666666666667,212.5666666666667,6.1000000000000005
uid-06_take-02,6,24,11,6,Clamp Coupling,2,False,6385,6505,212.83333333333337,216.83333333333337,4.000000000000001
uid-06_take-02,6,25,12,4,Screw,2,False,6998,7164,233.2666666666667,238.80000000000004,5.533333333333334
uid-06_take-02,6,26,12,4,Screw,2,False,7164,7366,238.80000000000004,245.53333333333336,6.733333333333334
uid-06_take-02,6,27,12,4,Screw,2,False,7511,7629,250.3666666666667,254.30000000000004,3.933333333333334
uid-06_take-02,6,28,12,4,Screw,2,False,7731,8021,257.70000000000005,267.3666666666667,9.666666666666668
uid-06_take-02,6,29,12,4,Screw,2,False,8068,8234,268.93333333333334,274.4666666666667,5.533333333333334
uid-06_take-02,6,30,12,4,Screw,2,False,8386,8556,279.53333333333336,285.20000000000005,5.666666666666667
uid-06_take-02,6,31,13,0,Pull Cables,3,False,8672,8713,289.0666666666667,290.4333333333334,1.366666666666667
uid-06_take-02,6,32,13,0,Pull Cables,3,False,8716,8763,290.53333333333336,292.1,1.5666666666666669
uid-06_take-02,6,33,14,2,Place,3,False,8861,8994,295.3666666666667,299.8,4.433333333333334
uid-06_take-02,6,34,15,3,Align,3,False,8994,9114,299.8,303.8,4.000000000000001
uid-06_take-02,6,35,16,5,Connect Cables,3,False,9268,9565,308.9333333333334,318.83333333333337,9.9
uid-06_take-02,6,36,17,6,Clamp Coupling,3,False,9654,9728,321.8,324.2666666666667,2.466666666666667
uid-06_take-02,6,37,17,6,Clamp Coupling,3,False,9729,9786,324.3,326.20000000000005,1.9000000000000001
uid-06_take-02,6,38,18,4,Screw,3,False,10113,10258,337.1,341.9333333333334,4.833333333333334
uid-06_take-02,6,39,18,4,Screw,3,False,10329,10468,344.30000000000007,348.9333333333334,4.633333333333334
uid-06_take-02,6,40,18,4,Screw,3,False,10535,10672,351.1666666666667,355.73333333333335,4.566666666666667
uid-06_take-02,6,41,18,4,Screw,3,False,10759,10907,358.6333333333334,363.5666666666667,4.933333333333334
uid-06_take-02,6,42,18,4,Screw,3,False,10989,11103,366.30000000000007,370.1,3.8000000000000003
uid-06_take-02,6,43,18,4,Screw,3,False,11203,11323,373.4333333333334,377.4333333333334,4.000000000000001
uid-06_take-02,6,44,19,6,Clamp Coupling,3,True,11580,11841,386.00000000000006,394.70000000000005,8.700000000000001
uid-06_take-02,6,45,20,5,Connect Cables,3,False,11841,12039,394.70000000000005,401.30000000000007,6.6000000000000005
uid-06_take-02,6,46,21,6,Clamp Coupling,3,False,12085,12240,402.83333333333337,408.00000000000006,5.166666666666667
uid-06_take-02,6,47,21,6,Clamp Coupling,3,False,12246,12336,408.20000000000005,411.20000000000005,3.0000000000000004
uid-07_take-01,7,0,0,2,Place,1,False,285,457,9.500000000000002,15.233333333333334,5.733333333333334
uid-07_take-01,7,1,1,3,Align,1,False,459,616,15.300000000000002,20.533333333333335,5.233333333333334
uid-07_take-01,7,2,2,4,Screw,1,False,916,1235,30.53333333333334,41.16666666666667,10.633333333333335
uid-07_take-01,7,3,2,4,Screw,1,True,1395,2065,46.50000000000001,68.83333333333334,22.333333333333336
uid-07_take-01,7,4,3,3,Align,1,True,1835,2012,61.16666666666667,67.06666666666668,5.9
uid-07_take-01,7,5,3,3,Align,1,True,2168,2740,72.26666666666668,91.33333333333334,19.06666666666667
uid-07_take-01,7,6,4,4,Screw,1,True,2432,2570,81.06666666666668,85.66666666666667,4.6000000000000005
uid-07_take-01,7,7,5,3,Align,1,False,2743,2902,91.43333333333334,96.73333333333335,5.300000000000001
uid-07_take-01,7,8,6,4,Screw,1,False,2950,3165,98.33333333333334,105.50000000000001,7.166666666666668
uid-07_take-01,7,9,6,4,Screw,1,False,3180,3585,106.00000000000001,119.50000000000001,13.500000000000002
uid-07_take-01,7,10,6,4,Screw,1,False,3805,3992,126.83333333333334,133.0666666666667,6.233333333333334
uid-07_take-01,7,11,6,4,Screw,1,False,4040,4183,134.66666666666669,139.43333333333334,4.7666666666666675
uid-07_take-01,7,12,6,4,Screw,1,False,4255,4385,141.83333333333334,146.16666666666669,4.333333333333334
uid-07_take-01,7,13,6,4,Screw,1,False,4427,4577,147.5666666666667,152.5666666666667,5.000000000000001
uid-07_take-01,7,14,7,0,Pull Cables,1,False,4775,4832,159.16666666666669,161.0666666666667,1.9000000000000001
uid-07_take-01,7,15,8,2,Place,2,False,5032,5173,167.73333333333335,172.43333333333337,4.7
uid-07_take-01,7,16,9,3,Align,2,False,5175,5318,172.50000000000003,177.26666666666668,4.7666666666666675
uid-07_take-01,7,17,10,4,Screw,2,False,5632,5890,187.73333333333335,196.33333333333334,8.600000000000001
uid-07_take-01,7,18,10,4,Screw,2,False,5960,6145,198.66666666666669,204.83333333333337,6.166666666666667
uid-07_take-01,7,19,10,4,Screw,2,False,6272,6425,209.0666666666667,214.16666666666669,5.1000000000000005
uid-07_take-01,7,20,10,4,Screw,2,False,6508,6680,216.93333333333337,222.66666666666669,5.733333333333334
uid-07_take-01,7,21,10,4,Screw,2,False,6772,6962,225.73333333333335,232.0666666666667,6.333333333333334
uid-07_take-01,7,22,11,0,Pull Cables,1,False,7235,7305,241.16666666666669,243.50000000000003,2.3333333333333335
uid-07_take-01,7,23,12,5,Connect Cables,1,False,8046,8503,268.20000000000005,283.4333333333334,15.233333333333334
uid-07_take-01,7,24,12,5,Connect Cables,2,False,8507,8678,283.5666666666667,289.2666666666667,5.700000000000001
uid-07_take-01,7,25,13,2,Place,3,False,9103,9365,303.4333333333334,312.1666666666667,8.733333333333334
uid-07_take-01,7,26,14,3,Align,3,False,9368,10185,312.2666666666667,339.50000000000006,27.233333333333338
uid-07_take-01,7,27,15,0,Pull Cables,3,False,10330,10405,344.33333333333337,346.83333333333337,2.5000000000000004
uid-07_take-01,7,28,16,4,Screw,3,False,10585,10825,352.83333333333337,360.83333333333337,8.000000000000002
uid-07_take-01,7,29,16,4,Screw,3,False,10935,11130,364.50000000000006,371.00000000000006,6.500000000000001
uid-07_take-01,7,30,16,4,Screw,3,False,11267,11425,375.5666666666667,380.83333333333337,5.2666666666666675
uid-07_take-01,7,31,16,4,Screw,3,False,11515,11657,383.83333333333337,388.5666666666667,4.733333333333334
uid-07_take-01,7,32,16,4,Screw,3,False,11728,11865,390.9333333333334,395.50000000000006,4.566666666666667
uid-07_take-01,7,33,16,4,Screw,3,False,11985,12182,399.50000000000006,406.0666666666667,6.566666666666667
uid-07_take-01,7,34,17,5,Connect Cables,3,False,12302,12578,410.0666666666667,419.2666666666667,9.200000000000001
uid-07_take-01,7,35,18,6,Clamp Coupling,3,False,12650,12872,421.66666666666674,429.0666666666667,7.400000000000001
uid-07_take-01,7,36,18,6,Clamp Coupling,3,False,12887,13072,429.5666666666667,435.7333333333334,6.166666666666667
uid-07_take-01,7,37,18,6,Clamp Coupling,3,False,13108,13247,436.9333333333334,441.5666666666667,4.633333333333334
uid-07_take-01,7,38,18,6,Clamp Coupling,3,False,13255,13405,441.83333333333337,446.83333333333337,5.000000000000001
uid-07_take-01,7,39,18,6,Clamp Coupling,3,False,13420,13580,447.33333333333337,452.66666666666674,5.333333333333334
uid-07_take-01,7,40,18,6,Clamp Coupling,3,False,13592,13730,453.0666666666667,457.66666666666674,4.6000000000000005
uid-07_take-02-1,7,0,0,2,Place,1,False,240,319,8.000000000000002,10.633333333333335,2.6333333333333337
uid-07_take-02-1,7,1,1,3,Align,1,False,319,427,10.633333333333335,14.233333333333334,3.6000000000000005
uid-07_take-02-1,7,2,2,0,Pull Cables,1,False,446,563,14.866666666666669,18.76666666666667,3.9000000000000004
uid-07_take-02-1,7,3,3,4,Screw,1,False,834,1131,27.800000000000004,37.7,9.9
uid-07_take-02-1,7,4,3,4,Screw,1,False,1200,1584,40.00000000000001,52.800000000000004,12.8
uid-07_take-02-1,7,5,3,4,Screw,1,False,1636,1854,54.53333333333334,61.800000000000004,7.2666666666666675
uid-07_take-02-1,7,6,3,4,Screw,1,False,1944,2216,64.80000000000001,73.86666666666667,9.066666666666668
uid-07_take-02-1,7,7,3,4,Screw,1,False,2334,2524,77.80000000000001,84.13333333333334,6.333333333333334
uid-07_take-02-1,7,8,3,4,Screw,1,False,2633,2827,87.76666666666668,94.23333333333335,6.466666666666668
uid-07_take-02-1,7,9,3,4,Screw,1,False,2910,3134,97.00000000000001,104.46666666666668,7.466666666666668
uid-07_take-02-1,7,10,4,5,Connect Cables,1,False,3327,3617,110.90000000000002,120.56666666666668,9.666666666666668
uid-07_take-02-1,7,11,5,6,Clamp Coupling,1,False,3780,3920,126.00000000000001,130.66666666666669,4.666666666666667
uid-07_take-02-1,7,12,5,6,Clamp Coupling,1,False,3923,4177,130.76666666666668,139.23333333333335,8.466666666666667
uid-07_take-02-1,7,13,6,2,Place,2,False,4381,4460,146.03333333333336,148.66666666666669,2.6333333333333337
uid-07_take-02-1,7,14,7,3,Align,2,False,4460,4614,148.66666666666669,153.8,5.133333333333334
uid-07_take-02-1,7,15,8,0,Pull Cables,2,False,4626,4697,154.20000000000002,156.5666666666667,2.366666666666667
uid-07_take-02-1,7,16,9,4,Screw,2,False,5006,5187,166.86666666666667,172.90000000000003,6.033333333333334
uid-07_take-02-1,7,17,9,4,Screw,2,False,5299,5503,176.63333333333335,183.43333333333337,6.800000000000001
uid-07_take-02-1,7,18,9,4,Screw,2,False,5664,5824,188.8,194.13333333333335,5.333333333333334
uid-07_take-02-1,7,19,9,4,Screw,2,False,5916,6151,197.20000000000002,205.03333333333336,7.833333333333334
uid-07_take-02-1,7,20,9,4,Screw,2,False,6256,6353,208.53333333333336,211.76666666666668,3.233333333333334
uid-07_take-02-1,7,21,9,4,Screw,2,False,6437,6573,214.5666666666667,219.10000000000002,4.533333333333334
uid-07_take-02-1,7,22,10,5,Connect Cables,2,False,6680,6869,222.66666666666669,228.9666666666667,6.300000000000001
uid-07_take-02-1,7,23,11,6,Clamp Coupling,2,False,6940,7060,231.33333333333337,235.33333333333337,4.000000000000001
uid-07_take-02-1,7,24,11,6,Clamp Coupling,2,False,7063,7147,235.43333333333337,238.23333333333335,2.8000000000000003
uid-07_take-02-2,7,0,0,2,Place,3,False,320,396,10.666666666666668,13.200000000000001,2.5333333333333337
uid-07_take-02-2,7,1,1,3,Align,3,False,396,855,13.200000000000001,28.500000000000004,15.300000000000002
uid-07_take-02-2,7,2,2,0,Pull Cables,3,False,949,1007,31.633333333333336,33.56666666666667,1.9333333333333336
uid-07_take-02-2,7,3,3,4,Screw,3,False,1225,1498,40.833333333333336,49.93333333333334,9.100000000000001
uid-07_take-02-2,7,4,3,4,Screw,3,False,1582,1790,52.73333333333334,59.66666666666667,6.9333333333333345
uid-07_take-02-2,7,5,3,4,Screw,3,False,1859,2005,61.966666666666676,66.83333333333334,4.866666666666667
uid-07_take-02-2,7,6,3,4,Screw,3,False,2055,2219,68.50000000000001,73.96666666666667,5.466666666666668
uid-07_take-02-2,7,7,3,4,Screw,3,False,2304,2481,76.80000000000001,82.7,5.9
uid-07_take-02-2,7,8,3,4,Screw,3,False,2556,2680,85.20000000000002,89.33333333333334,4.133333333333334
uid-07_take-02-2,7,9,4,5,Connect Cables,3,False,2805,3364,93.50000000000001,112.13333333333334,18.633333333333336
uid-07_take-02-2,7,10,5,6,Clamp Coupling,3,False,3407,3514,113.56666666666668,117.13333333333335,3.566666666666667
uid-07_take-02-2,7,11,5,6,Clamp Coupling,3,False,3522,3623,117.40000000000002,120.76666666666668,3.366666666666667
uid-08_take-01,8,0,0,4,Screw,1,True,177,333,5.9,11.100000000000001,5.2
uid-08_take-01,8,1,0,4,Screw,1,True,343,473,11.433333333333335,15.76666666666667,4.333333333333334
uid-08_take-01,8,2,0,4,Screw,1,True,478,615,15.933333333333335,20.500000000000004,4.566666666666667
uid-08_take-01,8,3,0,4,Screw,1,True,637,714,21.233333333333334,23.800000000000004,2.566666666666667
uid-08_take-01,8,4,0,4,Screw,1,True,938,1068,31.26666666666667,35.6,4.333333333333334
uid-08_take-01,8,5,0,4,Screw,1,True,1126,1280,37.53333333333334,42.66666666666667,5.133333333333334
uid-08_take-01,8,6,0,4,Screw,1,True,1288,1388,42.93333333333334,46.26666666666667,3.333333333333334
uid-08_take-01,8,7,1,2,Place,1,True,1397,1665,46.56666666666667,55.50000000000001,8.933333333333334
uid-08_take-01,8,8,1,2,Place,1,False,1664,1855,55.466666666666676,61.83333333333334,6.366666666666667
uid-08_take-01,8,9,2,3,Align,1,False,1857,2688,61.900000000000006,89.60000000000001,27.700000000000003
uid-08_take-01,8,10,3,4,Screw,1,False,2878,3027,95.93333333333335,100.9,4.966666666666668
uid-08_take-01,8,11,3,4,Screw,1,False,3036,3273,101.20000000000002,109.10000000000001,7.900000000000001
uid-08_take-01,8,12,3,4,Screw,1,False,3286,3396,109.53333333333335,113.20000000000002,3.666666666666667
uid-08_take-01,8,13,3,4,Screw,1,False,3584,3723,119.46666666666668,124.10000000000001,4.633333333333334
uid-08_take-01,8,14,3,4,Screw,1,False,3765,3914,125.50000000000001,130.46666666666667,4.966666666666668
uid-08_take-01,8,15,3,4,Screw,1,False,3953,4074,131.76666666666668,135.8,4.033333333333334
uid-08_take-01,8,16,4,0,Pull Cables,2,False,4134,4172,137.8,139.0666666666667,1.2666666666666668
uid-08_take-01,8,17,5,2,Place,2,False,4252,4463,141.73333333333335,148.76666666666668,7.033333333333334
uid-08_take-01,8,18,6,3,Align,2,False,4462,4593,148.73333333333335,153.10000000000002,4.366666666666667
uid-08_take-01,8,19,7,4,Screw,2,False,4831,4989,161.03333333333336,166.3,5.2666666666666675
uid-08_take-01,8,20,7,4,Screw,2,False,5032,5237,167.73333333333335,174.5666666666667,6.833333333333334
uid-08_take-01,8,21,7,4,Screw,2,False,5290,5472,176.33333333333334,182.40000000000003,6.066666666666667
uid-08_take-01,8,22,7,4,Screw,2,False,5579,5660,185.9666666666667,188.66666666666669,2.7
uid-08_take-01,8,23,7,4,Screw,2,False,5703,5898,190.10000000000002,196.60000000000002,6.500000000000001
uid-08_take-01,8,24,7,4,Screw,2,False,5965,6085,198.83333333333334,202.83333333333337,4.000000000000001
uid-08_take-01,8,25,8,5,Connect Cables,2,False,6210,6583,207.00000000000003,219.43333333333337,12.433333333333335
uid-08_take-01,8,26,9,6,Clamp Coupling,2,False,6639,6812,221.30000000000004,227.0666666666667,5.7666666666666675
uid-08_take-01,8,27,9,6,Clamp Coupling,2,False,6820,6927,227.33333333333337,230.90000000000003,3.566666666666667
uid-08_take-01,8,28,10,0,Pull Cables,3,False,7002,7048,233.40000000000003,234.93333333333337,1.5333333333333334
uid-08_take-01,8,29,11,2,Place,3,False,7071,7210,235.70000000000002,240.33333333333337,4.633333333333334
uid-08_take-01,8,30,12,3,Align,3,False,7214,7363,240.4666666666667,245.43333333333337,4.966666666666668
uid-08_take-01,8,31,13,4,Screw,3,False,7434,7575,247.80000000000004,252.50000000000003,4.7
uid-08_take-01,8,32,13,4,Screw,3,False,7585,7692,252.83333333333337,256.40000000000003,3.566666666666667
uid-08_take-01,8,33,13,4,Screw,3,False,7761,7953,258.70000000000005,265.1,6.4
uid-08_take-01,8,34,13,4,Screw,3,False,7966,8058,265.53333333333336,268.6,3.066666666666667
uid-08_take-01,8,35,13,4,Screw,3,False,8110,8273,270.33333333333337,275.7666666666667,5.433333333333334
uid-08_take-01,8,36,13,4,Screw,3,False,8338,8409,277.9333333333334,280.3,2.366666666666667
uid-08_take-01,8,37,14,5,Connect Cables,3,False,8522,8784,284.0666666666667,292.8,8.733333333333334
uid-08_take-01,8,38,15,6,Clamp Coupling,3,False,8838,9060,294.6,302.00000000000006,7.400000000000001
uid-08_take-01,8,39,15,6,Clamp Coupling,3,False,9069,9163,302.3,305.4333333333334,3.1333333333333337
uid-08_take-02,8,0,0,0,Pull Cables,1,False,237,270,7.900000000000001,9.000000000000002,1.1
uid-08_take-02,8,1,1,2,Place,1,True,351,540,11.700000000000001,18.000000000000004,6.300000000000001
uid-08_take-02,8,2,1,2,Place,1,False,541,641,18.033333333333335,21.36666666666667,3.333333333333334
uid-08_take-02,8,3,2,3,Align,1,False,641,776,21.36666666666667,25.86666666666667,4.500000000000001
uid-08_take-02,8,4,3,5,Connect Cables,1,False,902,1090,30.06666666666667,36.333333333333336,6.2666666666666675
uid-08_take-02,8,5,4,6,Clamp Coupling,1,False,1185,1302,39.50000000000001,43.400000000000006,3.9000000000000004
uid-08_take-02,8,6,4,6,Clamp Coupling,1,False,1307,1454,43.56666666666667,48.466666666666676,4.9
uid-08_take-02,8,7,5,4,Screw,1,False,1710,1814,57.00000000000001,60.466666666666676,3.4666666666666672
uid-08_take-02,8,8,5,4,Screw,1,False,1875,2013,62.50000000000001,67.10000000000001,4.6000000000000005
uid-08_take-02,8,9,5,4,Screw,1,False,2027,2192,67.56666666666668,73.06666666666668,5.500000000000001
uid-08_take-02,8,10,5,4,Screw,1,False,2205,2565,73.50000000000001,85.50000000000001,12.000000000000002
uid-08_take-02,8,11,5,4,Screw,1,False,2590,2798,86.33333333333334,93.26666666666668,6.9333333333333345
uid-08_take-02,8,12,5,4,Screw,1,False,2861,3005,95.36666666666667,100.16666666666669,4.800000000000001
uid-08_take-02,8,13,6,0,Pull Cables,2,False,3106,3147,103.53333333333335,104.9,1.366666666666667
uid-08_take-02,8,14,7,2,Place,2,False,3215,3303,107.16666666666669,110.10000000000001,2.9333333333333336
uid-08_take-02,8,15,8,3,Align,2,False,3303,3495,110.10000000000001,116.50000000000001,6.4
uid-08_take-02,8,16,9,5,Connect Cables,2,False,3601,3794,120.03333333333335,126.46666666666668,6.4333333333333345
uid-08_take-02,8,17,10,6,Clamp Coupling,2,False,3861,3925,128.70000000000002,130.83333333333334,2.1333333333333337
uid-08_take-02,8,18,10,6,Clamp Coupling,2,False,3929,4002,130.96666666666667,133.4,2.4333333333333336
uid-08_take-02,8,19,11,4,Screw,2,False,4175,4399,139.16666666666669,146.63333333333335,7.466666666666668
uid-08_take-02,8,20,11,4,Screw,2,False,4451,4621,148.36666666666667,154.03333333333336,5.666666666666667
uid-08_take-02,8,21,11,4,Screw,2,False,4634,4776,154.4666666666667,159.20000000000002,4.733333333333334
uid-08_take-02,8,22,11,4,Screw,2,False,4853,4977,161.76666666666668,165.9,4.133333333333334
uid-08_take-02,8,23,11,4,Screw,2,False,5063,5198,168.76666666666668,173.26666666666668,4.500000000000001
uid-08_take-02,8,24,11,4,Screw,2,False,5246,5409,174.86666666666667,180.3,5.433333333333334
uid-08_take-02,8,25,12,2,Place,3,False,6008,6254,200.26666666666668,208.4666666666667,8.200000000000001
uid-08_take-02,8,26,13,3,Align,3,False,6254,6492,208.4666666666667,216.40000000000003,7.9333333333333345
uid-08_take-02,8,27,14,5,Connect Cables,3,False,6556,6831,218.53333333333336,227.70000000000002,9.166666666666668
uid-08_take-02,8,28,15,6,Clamp Coupling,3,False,6874,6972,229.13333333333335,232.40000000000003,3.266666666666667
uid-08_take-02,8,29,15,6,Clamp Coupling,3,False,6976,7068,232.53333333333336,235.60000000000002,3.066666666666667
uid-08_take-02,8,30,16,4,Screw,3,False,7334,7482,244.4666666666667,249.40000000000003,4.933333333333334
uid-08_take-02,8,31,16,4,Screw,3,False,7582,7732,252.73333333333338,257.73333333333335,5.000000000000001
uid-08_take-02,8,32,16,4,Screw,3,False,7835,7934,261.1666666666667,264.4666666666667,3.3000000000000003
uid-08_take-02,8,33,16,4,Screw,3,False,8008,8127,266.93333333333334,270.90000000000003,3.9666666666666672
uid-08_take-02,8,34,16,4,Screw,3,False,8150,8305,271.6666666666667,276.83333333333337,5.166666666666667
uid-08_take-02,8,35,16,4,Screw,3,False,8377,8497,279.23333333333335,283.23333333333335,4.000000000000001
uid-08_take-02,8,36,16,4,Screw,3,False,8779,8879,292.6333333333334,295.9666666666667,3.333333333333334
uid-08_take-02,8,37,16,4,Screw,2,True,8920,9055,297.33333333333337,301.83333333333337,4.500000000000001
uid-08_take-02,8,38,16,4,Screw,2,True,9468,9678,315.6,322.6,7.000000000000001
uid-08_take-02,8,39,16,4,Screw,2,True,9682,9905,322.73333333333335,330.1666666666667,7.4333333333333345
uid-08_take-02,8,40,16,4,Screw,2,True,9919,10109,330.6333333333334,336.9666666666667,6.333333333333334
uid-08_take-02,8,41,16,4,Screw,2,True,10179,10430,339.30000000000007,347.6666666666667,8.366666666666667
uid-08_take-02,8,42,16,4,Screw,2,True,10478,10634,349.2666666666667,354.4666666666667,5.2
uid-08_take-02,8,43,17,3,Align,2,True,10735,10865,357.83333333333337,362.1666666666667,4.333333333333334
uid-08_take-02,8,44,17,3,Align,2,False,10864,11307,362.1333333333334,376.90000000000003,14.76666666666667
uid-08_take-02,8,45,18,4,Screw,2,False,11455,11554,381.83333333333337,385.1333333333334,3.3000000000000003
uid-08_take-02,8,46,18,4,Screw,2,False,11652,11780,388.40000000000003,392.6666666666667,4.2666666666666675
uid-08_take-02,8,47,18,4,Screw,2,False,11898,12002,396.6,400.0666666666667,3.4666666666666672
uid-08_take-02,8,48,18,4,Screw,2,False,12106,12251,403.53333333333336,408.36666666666673,4.833333333333334
uid-08_take-02,8,49,18,4,Screw,2,False,12374,12535,412.4666666666667,417.83333333333337,5.366666666666667
uid-08_take-02,8,50,18,4,Screw,2,False,12586,12689,419.53333333333336,422.9666666666667,3.4333333333333336
uid-09_take-01,9,0,0,2,Place,1,False,188,349,6.2666666666666675,11.633333333333335,5.366666666666667
uid-09_take-01,9,1,1,3,Align,1,False,349,551,11.633333333333335,18.366666666666667,6.733333333333334
uid-09_take-01,9,2,2,0,Pull Cables,1,False,613,743,20.433333333333337,24.76666666666667,4.333333333333334
uid-09_take-01,9,3,2,0,Pull Cables,1,False,744,793,24.800000000000004,26.433333333333337,1.6333333333333335
uid-09_take-01,9,4,3,4,Screw,1,True,1296,1631,43.2,54.366666666666674,11.166666666666668
uid-09_take-01,9,5,3,4,Screw,1,False,1677,1996,55.900000000000006,66.53333333333335,10.633333333333335
uid-09_take-01,9,6,3,4,Screw,1,False,2237,2473,74.56666666666668,82.43333333333334,7.866666666666668
uid-09_take-01,9,7,3,4,Screw,1,False,2531,3133,84.36666666666667,104.43333333333335,20.06666666666667
uid-09_take-01,9,8,3,4,Screw,1,False,3145,3508,104.83333333333334,116.93333333333335,12.100000000000001
uid-09_take-01,9,9,3,4,Screw,1,False,3616,3865,120.53333333333335,128.83333333333334,8.3
uid-09_take-01,9,10,3,4,Screw,1,False,3969,4181,132.3,139.36666666666667,7.066666666666667
uid-09_take-01,9,11,4,5,Connect Cables,1,False,4661,4958,155.36666666666667,165.26666666666668,9.9
uid-09_take-01,9,12,5,6,Clamp Coupling,1,False,4956,5133,165.20000000000002,171.10000000000002,5.9
uid-09_take-01,9,13,6,5,Connect Cables,1,True,5132,5174,171.0666666666667,172.4666666666667,1.4000000000000001
uid-09_take-01,9,14,6,5,Connect Cables,1,False,5173,5324,172.43333333333337,177.4666666666667,5.033333333333334
uid-09_take-01,9,15,7,6,Clamp Coupling,1,False,5326,5386,177.53333333333336,179.53333333333336,2.0000000000000004
uid-09_take-01,9,16,8,2,Place,2,False,5605,5736,186.83333333333334,191.20000000000002,4.366666666666667
uid-09_take-01,9,17,9,3,Align,2,False,5738,5826,191.26666666666668,194.20000000000002,2.9333333333333336
uid-09_take-01,9,18,10,0,Pull Cables,2,False,5937,5984,197.90000000000003,199.4666666666667,1.5666666666666669
uid-09_take-01,9,19,10,0,Pull Cables,2,False,5984,6041,199.4666666666667,201.3666666666667,1.9000000000000001
uid-09_take-01,9,20,11,4,Screw,2,False,6467,6772,215.5666666666667,225.73333333333335,10.166666666666668
uid-09_take-01,9,21,11,4,Screw,2,False,6862,7260,228.73333333333335,242.00000000000003,13.266666666666667
uid-09_take-01,9,22,11,4,Screw,2,False,7399,7671,246.63333333333335,255.70000000000002,9.066666666666668
uid-09_take-01,9,23,11,4,Screw,2,False,7791,7948,259.70000000000005,264.93333333333334,5.233333333333334
uid-09_take-01,9,24,11,4,Screw,2,False,8084,8212,269.4666666666667,273.73333333333335,4.2666666666666675
uid-09_take-01,9,25,11,4,Screw,2,False,8329,8523,277.6333333333334,284.1,6.466666666666668
uid-09_take-01,9,26,12,5,Connect Cables,2,False,8709,9035,290.3,301.1666666666667,10.866666666666667
uid-09_take-01,9,27,13,6,Clamp Coupling,2,False,9131,9265,304.36666666666673,308.83333333333337,4.466666666666667
uid-09_take-01,9,28,13,6,Clamp Coupling,2,False,9273,9352,309.1,311.73333333333335,2.6333333333333337
uid-09_take-01,9,29,14,2,Place,3,False,9624,9948,320.8,331.6,10.8
uid-09_take-01,9,30,15,3,Align,3,False,9948,10620,331.6,354.00000000000006,22.400000000000002
uid-09_take-01,9,31,16,4,Screw,3,False,10998,11208,366.6,373.6,7.000000000000001
uid-09_take-01,9,32,16,4,Screw,3,False,11244,11394,374.80000000000007,379.80000000000007,5.000000000000001
uid-09_take-01,9,33,16,4,Screw,3,False,11490,11646,383.00000000000006,388.20000000000005,5.2
uid-09_take-01,9,34,16,4,Screw,3,False,11772,11892,392.40000000000003,396.40000000000003,4.000000000000001
uid-09_take-01,9,35,16,4,Screw,3,False,12024,12192,400.80000000000007,406.40000000000003,5.6000000000000005
uid-09_take-01,9,36,16,4,Screw,3,False,12264,12432,408.80000000000007,414.40000000000003,5.6000000000000005
uid-09_take-01,9,37,17,5,Connect Cables,3,False,12576,12846,419.20000000000005,428.20000000000005,9.000000000000002
uid-09_take-01,9,38,18,6,Clamp Coupling,3,False,12942,13152,431.40000000000003,438.40000000000003,7.000000000000001
uid-09_take-02,9,0,0,0,Pull Cables,1,False,338,359,11.266666666666667,11.966666666666669,0.7000000000000001
uid-09_take-02,9,1,0,0,Pull Cables,1,False,360,408,12.000000000000002,13.600000000000001,1.6
uid-09_take-02,9,2,1,2,Place,1,False,579,675,19.3,22.500000000000004,3.2
uid-09_take-02,9,3,2,3,Align,1,False,675,839,22.500000000000004,27.96666666666667,5.466666666666668
uid-09_take-02,9,4,3,4,Screw,1,False,1282,1695,42.73333333333334,56.50000000000001,13.766666666666667
uid-09_take-02,9,5,3,4,Screw,1,False,1723,2021,57.43333333333334,67.36666666666667,9.933333333333335
uid-09_take-02,9,6,3,4,Screw,1,False,2113,2241,70.43333333333334,74.7,4.2666666666666675
uid-09_take-02,9,7,3,4,Screw,1,False,2379,2638,79.30000000000001,87.93333333333334,8.633333333333335
uid-09_take-02,9,8,3,4,Screw,1,False,2738,2864,91.26666666666668,95.46666666666668,4.2
uid-09_take-02,9,9,3,4,Screw,1,False,2932,3070,97.73333333333335,102.33333333333334,4.6000000000000005
uid-09_take-02,9,10,4,5,Connect Cables,1,False,3253,3433,108.43333333333335,114.43333333333335,6.000000000000001
uid-09_take-02,9,11,5,6,Clamp Coupling,1,False,3575,3698,119.16666666666669,123.26666666666668,4.1000000000000005
uid-09_take-02,9,12,5,6,Clamp Coupling,1,False,3706,3836,123.53333333333335,127.86666666666669,4.333333333333334
uid-09_take-02,9,13,6,0,Pull Cables,2,False,3922,3974,130.73333333333335,132.46666666666667,1.7333333333333336
uid-09_take-02,9,14,6,0,Pull Cables,2,False,3977,4034,132.5666666666667,134.46666666666667,1.9000000000000001
uid-09_take-02,9,15,7,2,Place,2,False,4155,4229,138.50000000000003,140.9666666666667,2.466666666666667
uid-09_take-02,9,16,8,3,Align,2,False,4230,4493,141.00000000000003,149.76666666666668,8.766666666666667
uid-09_take-02,9,17,9,4,Screw,2,False,4871,5149,162.36666666666667,171.63333333333335,9.266666666666667
uid-09_take-02,9,18,9,4,Screw,2,False,5235,5355,174.50000000000003,178.50000000000003,4.000000000000001
uid-09_take-02,9,19,9,4,Screw,2,False,5464,5570,182.13333333333335,185.66666666666669,3.5333333333333337
uid-09_take-02,9,20,9,4,Screw,2,False,5724,5895,190.8,196.50000000000003,5.700000000000001
uid-09_take-02,9,21,9,4,Screw,2,False,6108,6258,203.60000000000002,208.60000000000002,5.000000000000001
uid-09_take-02,9,22,9,4,Screw,2,False,6336,6467,211.20000000000002,215.5666666666667,4.366666666666667
uid-09_take-02,9,23,10,5,Connect Cables,2,False,6632,6812,221.0666666666667,227.0666666666667,6.000000000000001
uid-09_take-02,9,24,11,6,Clamp Coupling,2,False,6924,7001,230.80000000000004,233.3666666666667,2.566666666666667
uid-09_take-02,9,25,11,6,Clamp Coupling,2,False,7005,7077,233.50000000000003,235.90000000000003,2.4000000000000004
uid-09_take-02,9,26,12,0,Pull Cables,3,False,7164,7254,238.80000000000004,241.80000000000004,3.0000000000000004
uid-09_take-02,9,27,13,2,Place,3,False,7406,7490,246.8666666666667,249.66666666666669,2.8000000000000003
uid-09_take-02,9,28,14,3,Align,3,False,7493,8075,249.7666666666667,269.1666666666667,19.400000000000002
uid-09_take-02,9,29,15,4,Screw,3,False,8337,8487,277.90000000000003,282.90000000000003,5.000000000000001
uid-09_take-02,9,30,15,4,Screw,3,False,8579,8710,285.9666666666667,290.33333333333337,4.366666666666667
uid-09_take-02,9,31,15,4,Screw,3,False,9034,9169,301.1333333333334,305.6333333333334,4.500000000000001
uid-09_take-02,9,32,15,4,Screw,3,False,9300,9431,310.00000000000006,314.36666666666673,4.366666666666667
uid-09_take-02,9,33,15,4,Screw,3,False,9545,9672,318.1666666666667,322.40000000000003,4.233333333333333
uid-09_take-02,9,34,15,4,Screw,3,False,9731,9851,324.36666666666673,328.36666666666673,4.000000000000001
uid-09_take-02,9,35,16,5,Connect Cables,3,True,9965,10106,332.1666666666667,336.86666666666673,4.7
uid-09_take-02,9,36,16,5,Connect Cables,3,False,10135,10274,337.83333333333337,342.4666666666667,4.633333333333334
uid-09_take-02,9,37,17,6,Clamp Coupling,3,False,10310,10379,343.6666666666667,345.9666666666667,2.3000000000000003
uid-09_take-02,9,38,17,6,Clamp Coupling,3,False,10387,10445,346.23333333333335,348.1666666666667,1.9333333333333336
uid-10_take-01,10,0,0,2,Place,1,False,124,240,4.133333333333334,8.000000000000002,3.866666666666667
uid-10_take-01,10,1,1,3,Align,1,False,241,519,8.033333333333335,17.3,9.266666666666667
uid-10_take-01,10,2,2,0,Pull Cables,1,False,1020,1159,34.00000000000001,38.63333333333334,4.633333333333334
uid-10_take-01,10,3,3,5,Connect Cables,1,False,1171,1477,39.03333333333334,49.23333333333334,10.200000000000001
uid-10_take-01,10,4,4,6,Clamp Coupling,1,False,1598,1754,53.26666666666667,58.466666666666676,5.2
uid-10_take-01,10,5,4,6,Clamp Coupling,1,False,1759,1901,58.63333333333334,63.366666666666674,4.733333333333334
uid-10_take-01,10,6,5,4,Screw,1,False,2720,3802,90.66666666666667,126.73333333333335,36.06666666666667
uid-10_take-01,10,7,5,4,Screw,1,False,4160,4762,138.66666666666669,158.73333333333335,20.06666666666667
uid-10_take-01,10,8,5,4,Screw,1,False,4897,5326,163.23333333333335,177.53333333333336,14.300000000000002
uid-10_take-01,10,9,5,4,Screw,1,False,5662,6135,188.73333333333335,204.50000000000003,15.76666666666667
uid-10_take-01,10,10,5,4,Screw,1,False,7073,7469,235.7666666666667,248.9666666666667,13.200000000000001
uid-10_take-01,10,11,5,4,Screw,1,False,7780,8599,259.33333333333337,286.6333333333334,27.300000000000004
uid-10_take-01,10,12,5,4,Screw,1,False,8791,9207,293.03333333333336,306.90000000000003,13.866666666666669
uid-10_take-01,10,13,6,0,Pull Cables,2,False,9334,9425,311.1333333333334,314.1666666666667,3.0333333333333337
uid-10_take-01,10,14,6,0,Pull Cables,2,False,9434,9487,314.4666666666667,316.23333333333335,1.7666666666666668
uid-10_take-01,10,15,7,2,Place,2,False,9573,9746,319.1,324.86666666666673,5.7666666666666675
uid-10_take-01,10,16,8,3,Align,2,False,9747,10043,324.90000000000003,334.7666666666667,9.866666666666667
uid-10_take-01,10,17,9,5,Connect Cables,2,True,10280,10980,342.6666666666667,366.00000000000006,23.333333333333336
uid-10_take-01,10,18,9,5,Connect Cables,2,False,10979,11086,365.9666666666667,369.53333333333336,3.566666666666667
uid-10_take-01,10,19,10,6,Clamp Coupling,2,False,11440,11528,381.33333333333337,384.2666666666667,2.9333333333333336
uid-10_take-01,10,20,10,6,Clamp Coupling,2,False,11532,11632,384.40000000000003,387.7333333333334,3.333333333333334
uid-10_take-01,10,21,11,4,Screw,2,False,12030,12447,401.00000000000006,414.90000000000003,13.900000000000002
uid-10_take-01,10,22,11,4,Screw,2,False,12841,13170,428.03333333333336,439.00000000000006,10.966666666666669
uid-10_take-01,10,23,11,4,Screw,2,True,13496,13822,449.86666666666673,460.7333333333334,10.866666666666667
uid-10_take-01,10,24,11,4,Screw,2,False,13848,14206,461.6000000000001,473.5333333333334,11.933333333333335
uid-10_take-01,10,25,11,4,Screw,2,False,14381,14680,479.36666666666673,489.33333333333337,9.966666666666669
uid-10_take-01,10,26,11,4,Screw,2,False,14895,15177,496.50000000000006,505.90000000000003,9.4
uid-10_take-01,10,27,11,4,Screw,2,False,15304,15536,510.1333333333334,517.8666666666667,7.733333333333334
uid-10_take-01,10,28,12,0,Pull Cables,3,False,15705,15807,523.5000000000001,526.9000000000001,3.4000000000000004
uid-10_take-01,10,29,12,0,Pull Cables,3,False,15807,15873,526.9000000000001,529.1,2.2
uid-10_take-01,10,30,13,2,Place,3,False,16020,16740,534.0000000000001,558.0000000000001,24.000000000000004
uid-10_take-01,10,31,14,3,Align,3,True,16680,20850,556.0000000000001,695.0000000000001,139.00000000000003
uid-10_take-01,10,32,15,5,Connect Cables,3,True,20820,21690,694.0000000000001,723.0000000000001,29.000000000000004
uid-10_take-01,10,33,16,2,Place,3,False,21750,22530,725.0000000000001,751.0000000000001,26.000000000000004
uid-10_take-01,10,34,16,2,Place,3,True,22534,22813,751.1333333333334,760.4333333333334,9.3
uid-10_take-01,10,35,17,4,Screw,1,True,26531,26916,884.3666666666668,897.2000000000002,12.833333333333336
uid-10_take-01,10,36,17,4,Screw,1,True,27053,27201,901.7666666666668,906.7000000000002,4.933333333333334
uid-10_take-01,10,37,17,4,Screw,1,True,27250,27484,908.3333333333335,916.1333333333334,7.800000000000001
uid-10_take-01,10,38,17,4,Screw,1,True,27616,27821,920.5333333333334,927.3666666666668,6.833333333333334
uid-10_take-01,10,39,17,4,Screw,1,True,27929,28219,930.9666666666668,940.6333333333334,9.666666666666668
uid-10_take-01,10,40,17,4,Screw,1,True,28221,28569,940.7000000000002,952.3000000000001,11.600000000000001
uid-10_take-01,10,41,17,4,Screw,1,True,28900,29144,963.3333333333335,971.4666666666668,8.133333333333335
uid-10_take-01,10,42,18,5,Connect Cables,1,True,29273,29431,975.7666666666668,981.0333333333334,5.2666666666666675
uid-10_take-01,10,43,19,2,Place,1,False,29829,29983,994.3000000000001,999.4333333333335,5.133333333333334
uid-10_take-01,10,44,20,3,Align,1,False,29987,30247,999.5666666666668,1008.2333333333335,8.666666666666668
uid-10_take-01,10,45,21,5,Connect Cables,1,False,30427,30686,1014.2333333333335,1022.8666666666668,8.633333333333335
uid-10_take-01,10,46,22,6,Clamp Coupling,1,False,30994,31156,1033.1333333333334,1038.5333333333335,5.4
uid-10_take-01,10,47,23,4,Screw,1,False,31379,31774,1045.9666666666667,1059.1333333333334,13.166666666666668
uid-10_take-01,10,48,23,4,Screw,1,False,31947,32234,1064.9,1074.4666666666667,9.566666666666668
uid-10_take-01,10,49,23,4,Screw,1,False,32476,32686,1082.5333333333335,1089.5333333333335,7.000000000000001
uid-10_take-01,10,50,23,4,Screw,1,False,32856,33254,1095.2,1108.4666666666667,13.266666666666667
uid-10_take-01,10,51,23,4,Screw,1,False,33453,33846,1115.1000000000001,1128.2,13.100000000000001
uid-10_take-01,10,52,23,4,Screw,1,False,33883,34057,1129.4333333333334,1135.2333333333336,5.800000000000001
uid-10_take-01,10,53,23,4,Screw,1,False,34224,34526,1140.8000000000002,1150.8666666666668,10.066666666666668
uid-10_take-01,10,54,24,5,Connect Cables,2,False,34817,35016,1160.5666666666668,1167.2,6.633333333333334
uid-10_take-01,10,55,25,6,Clamp Coupling,2,False,35140,35221,1171.3333333333335,1174.0333333333335,2.7
uid-10_take-01,10,56,25,6,Clamp Coupling,2,False,35230,35293,1174.3333333333335,1176.4333333333334,2.1
uid-10_take-01,10,57,26,0,Pull Cables,3,False,35730,35787,1191.0000000000002,1192.9,1.9000000000000001
uid-10_take-01,10,58,26,0,Pull Cables,3,False,35791,35864,1193.0333333333335,1195.4666666666667,2.4333333333333336
uid-10_take-01,10,59,27,2,Place,3,False,36274,36440,1209.1333333333334,1214.6666666666667,5.533333333333334
uid-10_take-01,10,60,28,3,Align,3,False,36440,36663,1214.6666666666667,1222.1000000000001,7.4333333333333345
uid-10_take-01,10,61,29,4,Screw,3,False,37070,37300,1235.6666666666667,1243.3333333333335,7.666666666666668
uid-10_take-01,10,62,29,4,Screw,3,False,37513,37816,1250.4333333333334,1260.5333333333335,10.100000000000001
uid-10_take-01,10,63,29,4,Screw,3,False,37969,38139,1265.6333333333334,1271.3000000000002,5.666666666666667
uid-10_take-01,10,64,29,4,Screw,3,False,38363,38554,1278.7666666666669,1285.1333333333334,6.366666666666667
uid-10_take-01,10,65,29,4,Screw,3,False,38623,38773,1287.4333333333334,1292.4333333333334,5.000000000000001
uid-10_take-01,10,66,29,4,Screw,3,False,38836,39044,1294.5333333333335,1301.466666666667,6.9333333333333345
uid-10_take-01,10,67,30,5,Connect Cables,3,False,39169,39384,1305.6333333333334,1312.8000000000002,7.166666666666668
uid-10_take-01,10,68,31,6,Clamp Coupling,3,False,39480,39571,1316.0000000000002,1319.0333333333335,3.0333333333333337
uid-10_take-01,10,69,31,6,Clamp Coupling,3,False,39577,39637,1319.2333333333336,1321.2333333333336,2.0000000000000004
uid-10_take-02,10,0,0,0,Pull Cables,1,False,189,252,6.300000000000001,8.4,2.1
uid-10_take-02,10,1,0,0,Pull Cables,1,False,278,383,9.266666666666667,12.766666666666667,3.5000000000000004
uid-10_take-02,10,2,1,2,Place,1,False,498,639,16.6,21.300000000000004,4.7
uid-10_take-02,10,3,2,3,Align,1,False,638,871,21.26666666666667,29.03333333333334,7.7666666666666675
uid-10_take-02,10,4,3,4,Screw,1,False,1148,1784,38.26666666666667,59.466666666666676,21.200000000000003
uid-10_take-02,10,5,3,4,Screw,1,False,2005,2387,66.83333333333334,79.56666666666668,12.733333333333334
uid-10_take-02,10,6,3,4,Screw,1,False,2532,2718,84.4,90.60000000000001,6.200000000000001
uid-10_take-02,10,7,3,4,Screw,1,False,2834,3028,94.46666666666668,100.93333333333335,6.466666666666668
uid-10_take-02,10,8,3,4,Screw,1,False,3205,3479,106.83333333333334,115.96666666666668,9.133333333333335
uid-10_take-02,10,9,3,4,Screw,1,False,3621,4049,120.70000000000002,134.96666666666667,14.266666666666667
uid-10_take-02,10,10,4,5,Connect Cables,1,False,4210,4405,140.33333333333334,146.83333333333334,6.500000000000001
uid-10_take-02,10,11,5,6,Clamp Coupling,1,False,4551,4658,151.70000000000002,155.26666666666668,3.566666666666667
uid-10_take-02,10,12,5,6,Clamp Coupling,1,False,4670,4803,155.66666666666669,160.10000000000002,4.433333333333334
uid-10_take-02,10,13,6,0,Pull Cables,2,False,4922,5010,164.0666666666667,167.00000000000003,2.9333333333333336
uid-10_take-02,10,14,6,0,Pull Cables,2,False,5010,5078,167.00000000000003,169.26666666666668,2.266666666666667
uid-10_take-02,10,15,7,2,Place,2,False,5207,5361,173.5666666666667,178.70000000000002,5.133333333333334
uid-10_take-02,10,16,8,3,Align,2,False,5363,5540,178.76666666666668,184.66666666666669,5.9
uid-10_take-02,10,17,9,4,Screw,2,False,5908,6092,196.93333333333337,203.0666666666667,6.133333333333334
uid-10_take-02,10,18,9,4,Screw,2,False,6362,6575,212.0666666666667,219.16666666666669,7.1000000000000005
uid-10_take-02,10,19,9,4,Screw,2,False,6754,6955,225.13333333333335,231.83333333333337,6.700000000000001
uid-10_take-02,10,20,9,4,Screw,2,False,6987,7128,232.90000000000003,237.60000000000002,4.7
uid-10_take-02,10,21,9,4,Screw,2,False,7213,7418,240.43333333333337,247.2666666666667,6.833333333333334
uid-10_take-02,10,22,9,4,Screw,2,False,7646,7798,254.8666666666667,259.93333333333334,5.066666666666667
uid-10_take-02,10,23,9,4,Screw,2,False,7995,8275,266.50000000000006,275.83333333333337,9.333333333333334
uid-10_take-02,10,24,10,5,Connect Cables,2,False,8424,8602,280.8,286.73333333333335,5.9333333333333345
uid-10_take-02,10,25,11,6,Clamp Coupling,2,False,8734,8822,291.1333333333334,294.0666666666667,2.9333333333333336
uid-10_take-02,10,26,11,6,Clamp Coupling,2,False,8825,8914,294.1666666666667,297.1333333333334,2.9666666666666672
uid-10_take-02,10,27,12,0,Pull Cables,3,False,9016,9068,300.53333333333336,302.2666666666667,1.7333333333333336
uid-10_take-02,10,28,12,0,Pull Cables,3,False,9071,9110,302.3666666666667,303.6666666666667,1.3
uid-10_take-02,10,29,13,2,Place,3,False,9267,9361,308.90000000000003,312.03333333333336,3.1333333333333337
uid-10_take-02,10,30,14,3,Align,3,False,9362,9493,312.0666666666667,316.4333333333334,4.366666666666667
uid-10_take-02,10,31,15,4,Screw,3,False,9752,9944,325.0666666666667,331.4666666666667,6.4
uid-10_take-02,10,32,15,4,Screw,3,False,10131,10385,337.70000000000005,346.1666666666667,8.466666666666667
uid-10_take-02,10,33,15,4,Screw,3,False,10475,10670,349.1666666666667,355.6666666666667,6.500000000000001
uid-10_take-02,10,34,15,4,Screw,3,False,10834,11056,361.1333333333334,368.53333333333336,7.400000000000001
uid-10_take-02,10,35,15,4,Screw,3,False,11135,11304,371.1666666666667,376.80000000000007,5.633333333333334
uid-10_take-02,10,36,15,4,Screw,3,False,11435,11515,381.1666666666667,383.83333333333337,2.666666666666667
uid-10_take-02,10,37,15,4,Screw,3,False,11635,11794,387.83333333333337,393.1333333333334,5.300000000000001
uid-10_take-02,10,38,16,5,Connect Cables,3,False,11951,12303,398.36666666666673,410.1,11.733333333333334
uid-10_take-02,10,39,17,6,Clamp Coupling,3,False,12399,12476,413.30000000000007,415.86666666666673,2.566666666666667
uid-10_take-02,10,40,17,6,Clamp Coupling,3,False,12478,12544,415.9333333333334,418.1333333333334,2.2
uid-11_take-01,11,0,0,2,Place,1,False,182,330,6.066666666666667,11.000000000000002,4.933333333333334
uid-11_take-01,11,1,1,3,Align,1,False,328,625,10.933333333333335,20.833333333333336,9.9
uid-11_take-01,11,2,2,4,Screw,1,False,770,910,25.66666666666667,30.333333333333336,4.666666666666667
uid-11_take-01,11,3,2,4,Screw,1,False,962,1118,32.06666666666667,37.26666666666667,5.2
uid-11_take-01,11,4,2,4,Screw,1,False,1215,1470,40.50000000000001,49.00000000000001,8.500000000000002
uid-11_take-01,11,5,2,4,Screw,1,False,1570,1710,52.33333333333334,57.00000000000001,4.666666666666667
uid-11_take-01,11,6,2,4,Screw,1,False,1805,1987,60.16666666666667,66.23333333333333,6.066666666666667
uid-11_take-01,11,7,2,4,Screw,1,False,2102,2220,70.06666666666668,74.00000000000001,3.933333333333334
uid-11_take-01,11,8,3,2,Place,2,False,2485,2642,82.83333333333334,88.06666666666668,5.233333333333334
uid-11_take-01,11,9,4,3,Align,2,False,2642,2983,88.06666666666668,99.43333333333335,11.366666666666667
uid-11_take-01,11,10,5,4,Screw,2,False,3220,3390,107.33333333333334,113.00000000000001,5.666666666666667
uid-11_take-01,11,11,5,4,Screw,2,False,3460,3550,115.33333333333334,118.33333333333334,3.0000000000000004
uid-11_take-01,11,12,5,4,Screw,2,False,3677,3817,122.56666666666668,127.23333333333335,4.666666666666667
uid-11_take-01,11,13,5,4,Screw,2,False,3958,4050,131.93333333333334,135.00000000000003,3.066666666666667
uid-11_take-01,11,14,5,4,Screw,2,False,4153,4380,138.43333333333334,146.00000000000003,7.566666666666667
uid-11_take-01,11,15,5,4,Screw,2,False,4575,4715,152.50000000000003,157.16666666666669,4.666666666666667
uid-11_take-01,11,16,6,0,Pull Cables,1,False,4942,5080,164.73333333333335,169.33333333333334,4.6000000000000005
uid-11_take-01,11,17,6,0,Pull Cables,2,False,5080,5110,169.33333333333334,170.33333333333334,1.0000000000000002
uid-11_take-01,11,18,7,5,Connect Cables,2,False,5113,5288,170.43333333333337,176.26666666666668,5.833333333333334
uid-11_take-01,11,19,8,6,Clamp Coupling,2,False,5413,5507,180.43333333333337,183.5666666666667,3.1333333333333337
uid-11_take-01,11,20,8,6,Clamp Coupling,2,False,5518,5630,183.93333333333337,187.66666666666669,3.733333333333334
uid-11_take-01,11,21,9,2,Place,3,False,5900,6008,196.66666666666669,200.26666666666668,3.6000000000000005
uid-11_take-01,11,22,10,3,Align,3,False,6010,6103,200.33333333333337,203.43333333333337,3.1000000000000005
uid-11_take-01,11,23,11,4,Screw,3,False,6418,6512,213.93333333333337,217.0666666666667,3.1333333333333337
uid-11_take-01,11,24,11,4,Screw,3,False,6605,6703,220.16666666666669,223.43333333333337,3.266666666666667
uid-11_take-01,11,25,11,4,Screw,3,False,6802,6928,226.73333333333335,230.93333333333337,4.2
uid-11_take-01,11,26,11,4,Screw,3,False,7000,7115,233.33333333333337,237.16666666666669,3.833333333333334
uid-11_take-01,11,27,11,4,Screw,3,False,7165,7305,238.83333333333337,243.50000000000003,4.666666666666667
uid-11_take-01,11,28,12,0,Pull Cables,2,False,7440,7477,248.00000000000003,249.23333333333338,1.2333333333333334
uid-11_take-01,11,29,12,0,Pull Cables,3,False,7475,7570,249.16666666666669,252.33333333333337,3.166666666666667
uid-11_take-01,11,30,13,5,Connect Cables,3,True,7577,7843,252.5666666666667,261.43333333333334,8.866666666666667
uid-11_take-01,11,31,13,5,Connect Cables,3,True,7892,8122,263.0666666666667,270.73333333333335,7.666666666666668
uid-11_take-01,11,32,14,6,Clamp Coupling,3,False,8192,8302,273.0666666666667,276.73333333333335,3.666666666666667
uid-11_take-01,11,33,14,6,Clamp Coupling,3,False,8312,8485,277.0666666666667,282.83333333333337,5.7666666666666675
uid-11_take-02,11,0,0,2,Place,1,True,182,415,6.066666666666667,13.833333333333336,7.7666666666666675
uid-11_take-02,11,1,0,2,Place,1,False,415,608,13.833333333333336,20.26666666666667,6.4333333333333345
uid-11_take-02,11,2,1,3,Align,1,False,610,730,20.333333333333336,24.333333333333336,4.000000000000001
uid-11_take-02,11,3,2,4,Screw,1,False,960,1127,32.00000000000001,37.56666666666667,5.566666666666667
uid-11_take-02,11,4,2,4,Screw,1,False,1187,1333,39.56666666666667,44.43333333333334,4.866666666666667
uid-11_take-02,11,5,2,4,Screw,1,False,1468,1620,48.93333333333334,54.00000000000001,5.066666666666667
uid-11_take-02,11,6,2,4,Screw,1,False,1693,1825,56.43333333333334,60.83333333333334,4.4
uid-11_take-02,11,7,2,4,Screw,1,False,1877,2002,62.56666666666668,66.73333333333333,4.166666666666667
uid-11_take-02,11,8,2,4,Screw,1,False,2110,2252,70.33333333333334,75.06666666666668,4.733333333333334
uid-11_take-02,11,9,3,0,Pull Cables,1,False,2400,2460,80.00000000000001,82.00000000000001,2.0000000000000004
uid-11_take-02,11,10,4,5,Connect Cables,1,False,2468,2635,82.26666666666668,87.83333333333334,5.566666666666667
uid-11_take-02,11,11,5,6,Clamp Coupling,1,False,2762,2987,92.06666666666668,99.56666666666668,7.500000000000001
uid-11_take-02,11,12,5,6,Clamp Coupling,1,False,3005,3103,100.16666666666669,103.43333333333335,3.266666666666667
uid-11_take-02,11,13,6,2,Place,2,False,3287,3407,109.56666666666668,113.56666666666668,4.000000000000001
uid-11_take-02,11,14,7,3,Align,2,False,3407,3525,113.56666666666668,117.50000000000001,3.933333333333334
uid-11_take-02,11,15,8,4,Screw,2,False,3805,3992,126.83333333333334,133.0666666666667,6.233333333333334
uid-11_take-02,11,16,8,4,Screw,2,False,4075,4205,135.83333333333334,140.16666666666669,4.333333333333334
uid-11_take-02,11,17,8,4,Screw,2,False,4298,4490,143.26666666666668,149.66666666666669,6.4
uid-11_take-02,11,18,8,4,Screw,2,False,4565,4697,152.16666666666669,156.5666666666667,4.4
uid-11_take-02,11,19,8,4,Screw,2,False,4755,4940,158.50000000000003,164.66666666666669,6.166666666666667
uid-11_take-02,11,20,8,4,Screw,2,False,4993,5200,166.43333333333337,173.33333333333334,6.900000000000001
uid-11_take-02,11,21,9,0,Pull Cables,1,False,5375,5432,179.16666666666669,181.0666666666667,1.9000000000000001
uid-11_take-02,11,22,10,5,Connect Cables,2,False,5443,5615,181.43333333333337,187.16666666666669,5.733333333333334
uid-11_take-02,11,23,11,0,Pull Cables,2,False,5500,5528,183.33333333333334,184.26666666666668,0.9333333333333335
uid-11_take-02,11,24,12,6,Clamp Coupling,2,False,5708,5775,190.26666666666668,192.50000000000003,2.2333333333333334
uid-11_take-02,11,25,12,6,Clamp Coupling,2,False,5780,5870,192.66666666666669,195.66666666666669,3.0000000000000004
uid-11_take-02,11,26,13,2,Place,3,False,6045,6158,201.50000000000003,205.26666666666668,3.766666666666667
uid-11_take-02,11,27,14,3,Align,3,False,6160,6523,205.33333333333337,217.43333333333337,12.100000000000001
uid-11_take-02,11,28,15,4,Screw,3,False,6763,6880,225.43333333333337,229.33333333333337,3.9000000000000004
uid-11_take-02,11,29,15,4,Screw,3,False,6960,7085,232.00000000000003,236.16666666666669,4.166666666666667
uid-11_take-02,11,30,15,4,Screw,3,False,7157,7282,238.5666666666667,242.73333333333335,4.166666666666667
uid-11_take-02,11,31,15,4,Screw,3,False,7322,7442,244.0666666666667,248.0666666666667,4.000000000000001
uid-11_take-02,11,32,15,4,Screw,3,False,7528,7675,250.93333333333337,255.83333333333337,4.9
uid-11_take-02,11,33,16,0,Pull Cables,2,False,7815,7852,260.50000000000006,261.73333333333335,1.2333333333333334
uid-11_take-02,11,34,17,5,Connect Cables,3,False,7925,8263,264.1666666666667,275.4333333333334,11.266666666666667
uid-11_take-02,11,35,18,0,Pull Cables,3,False,7967,8005,265.5666666666667,266.83333333333337,1.2666666666666668
uid-11_take-02,11,36,19,6,Clamp Coupling,3,False,8295,8405,276.50000000000006,280.1666666666667,3.666666666666667
uid-11_take-02,11,37,19,6,Clamp Coupling,3,False,8477,8542,282.5666666666667,284.73333333333335,2.166666666666667
uid-12_take-01,12,0,0,0,Pull Cables,1,False,318,367,10.600000000000001,12.233333333333334,1.6333333333333335
uid-12_take-01,12,1,0,0,Pull Cables,1,False,370,424,12.333333333333334,14.133333333333335,1.8000000000000003
uid-12_take-01,12,2,1,2,Place,1,False,586,859,19.533333333333335,28.633333333333336,9.100000000000001
uid-12_take-01,12,3,2,3,Align,1,False,860,1102,28.66666666666667,36.733333333333334,8.066666666666668
uid-12_take-01,12,4,3,4,Screw,1,False,1490,1905,49.66666666666667,63.50000000000001,13.833333333333336
uid-12_take-01,12,5,3,4,Screw,1,False,1958,2180,65.26666666666668,72.66666666666667,7.400000000000001
uid-12_take-01,12,6,3,4,Screw,1,False,2238,2588,74.60000000000001,86.26666666666668,11.666666666666668
uid-12_take-01,12,7,3,4,Screw,1,False,2726,3031,90.86666666666667,101.03333333333335,10.166666666666668
uid-12_take-01,12,8,3,4,Screw,1,False,3060,3222,102.00000000000001,107.4,5.4
uid-12_take-01,12,9,3,4,Screw,1,False,3265,3464,108.83333333333334,115.46666666666668,6.633333333333334
uid-12_take-01,12,10,4,5,Connect Cables,1,False,3740,4016,124.66666666666669,133.86666666666667,9.200000000000001
uid-12_take-01,12,11,5,6,Clamp Coupling,1,False,4023,4125,134.10000000000002,137.50000000000003,3.4000000000000004
uid-12_take-01,12,12,6,0,Pull Cables,2,False,4267,4309,142.23333333333335,143.63333333333335,1.4000000000000001
uid-12_take-01,12,13,7,2,Place,2,False,4399,4600,146.63333333333335,153.33333333333334,6.700000000000001
uid-12_take-01,12,14,8,3,Align,2,False,4600,4741,153.33333333333334,158.03333333333336,4.7
uid-12_take-01,12,15,9,4,Screw,2,False,4893,5055,163.10000000000002,168.50000000000003,5.4
uid-12_take-01,12,16,9,4,Screw,2,False,5236,5450,174.53333333333336,181.66666666666669,7.133333333333334
uid-12_take-01,12,17,9,4,Screw,2,False,5572,5714,185.73333333333335,190.4666666666667,4.733333333333334
uid-12_take-01,12,18,9,4,Screw,2,False,5795,5935,193.16666666666669,197.83333333333334,4.666666666666667
uid-12_take-01,12,19,9,4,Screw,2,False,5999,6157,199.9666666666667,205.23333333333335,5.2666666666666675
uid-12_take-01,12,20,9,4,Screw,2,False,6248,6386,208.26666666666668,212.8666666666667,4.6000000000000005
uid-12_take-01,12,21,10,5,Connect Cables,2,False,6623,6766,220.76666666666668,225.53333333333336,4.7666666666666675
uid-12_take-01,12,22,11,6,Clamp Coupling,2,False,6769,6807,225.63333333333335,226.90000000000003,1.2666666666666668
uid-12_take-01,12,23,12,4,Screw,3,False,7578,7765,252.60000000000002,258.83333333333337,6.233333333333334
uid-12_take-01,12,24,12,4,Screw,3,False,7871,8014,262.3666666666667,267.1333333333334,4.7666666666666675
uid-12_take-01,12,25,12,4,Screw,3,False,8153,8243,271.7666666666667,274.7666666666667,3.0000000000000004
uid-12_take-01,12,26,12,4,Screw,3,False,8468,8599,282.2666666666667,286.6333333333334,4.366666666666667
uid-12_take-01,12,27,12,4,Screw,3,False,8680,8800,289.33333333333337,293.33333333333337,4.000000000000001
uid-12_take-01,12,28,12,4,Screw,3,False,8940,9053,298.00000000000006,301.7666666666667,3.766666666666667
uid-12_take-01,12,29,13,0,Pull Cables,3,False,9185,9251,306.1666666666667,308.36666666666673,2.2
uid-12_take-01,12,30,14,5,Connect Cables,3,False,9254,9566,308.4666666666667,318.86666666666673,10.4
uid-12_take-01,12,31,15,6,Clamp Coupling,3,False,9603,9693,320.1,323.1,3.0000000000000004
uid-12_take-01,12,32,15,6,Clamp Coupling,3,False,9762,9835,325.40000000000003,327.83333333333337,2.4333333333333336
uid-12_take-01,12,33,15,6,Clamp Coupling,2,False,9858,9944,328.6,331.4666666666667,2.866666666666667
uid-12_take-01,12,34,15,6,Clamp Coupling,1,False,9961,10017,332.03333333333336,333.90000000000003,1.866666666666667
uid-12_take-02,12,0,0,4,Screw,1,True,196,307,6.533333333333334,10.233333333333334,3.7000000000000006
uid-12_take-02,12,1,0,4,Screw,1,True,314,424,10.466666666666669,14.133333333333335,3.666666666666667
uid-12_take-02,12,2,0,4,Screw,1,True,426,563,14.200000000000001,18.76666666666667,4.566666666666667
uid-12_take-02,12,3,0,4,Screw,1,True,580,717,19.333333333333336,23.900000000000002,4.566666666666667
uid-12_take-02,12,4,0,4,Screw,1,True,746,868,24.86666666666667,28.933333333333337,4.066666666666667
uid-12_take-02,12,5,0,4,Screw,1,True,889,1060,29.633333333333336,35.333333333333336,5.700000000000001
uid-12_take-02,12,6,1,3,Align,1,True,1187,1265,39.56666666666667,42.16666666666667,2.6
uid-12_take-02,12,7,1,3,Align,1,False,1264,1739,42.13333333333334,57.966666666666676,15.833333333333336
uid-12_take-02,12,8,2,4,Screw,1,False,1936,2158,64.53333333333335,71.93333333333334,7.400000000000001
uid-12_take-02,12,9,2,4,Screw,1,False,2250,2362,75.00000000000001,78.73333333333335,3.733333333333334
uid-12_take-02,12,10,2,4,Screw,1,False,2464,2555,82.13333333333334,85.16666666666667,3.0333333333333337
uid-12_take-02,12,11,2,4,Screw,1,False,2615,2720,87.16666666666667,90.66666666666667,3.5000000000000004
uid-12_take-02,12,12,2,4,Screw,1,False,2901,3005,96.70000000000002,100.16666666666669,3.4666666666666672
uid-12_take-02,12,13,2,4,Screw,1,False,3037,3148,101.23333333333335,104.93333333333335,3.7000000000000006
uid-12_take-02,12,14,3,2,Place,2,False,3390,3519,113.00000000000001,117.30000000000001,4.300000000000001
uid-12_take-02,12,15,4,3,Align,2,False,3518,3655,117.26666666666668,121.83333333333334,4.566666666666667
uid-12_take-02,12,16,5,4,Screw,2,False,4018,4144,133.93333333333334,138.13333333333335,4.2
uid-12_take-02,12,17,5,4,Screw,2,False,4153,4315,138.43333333333334,143.83333333333334,5.4
uid-12_take-02,12,18,5,4,Screw,2,False,4363,4655,145.43333333333334,155.16666666666669,9.733333333333334
uid-12_take-02,12,19,5,4,Screw,2,False,4765,4866,158.83333333333334,162.20000000000002,3.366666666666667
uid-12_take-02,12,20,5,4,Screw,2,False,4929,5042,164.3,168.0666666666667,3.766666666666667
uid-12_take-02,12,21,5,4,Screw,2,False,5105,5228,170.16666666666669,174.26666666666668,4.1000000000000005
uid-12_take-02,12,22,6,5,Connect Cables,2,False,5352,5673,178.40000000000003,189.10000000000002,10.700000000000001
uid-12_take-02,12,23,7,6,Clamp Coupling,2,False,5675,5907,189.16666666666669,196.90000000000003,7.733333333333334
uid-12_take-02,12,24,7,6,Clamp Coupling,2,False,5911,5993,197.03333333333336,199.76666666666668,2.733333333333334
uid-12_take-02,12,25,8,0,Pull Cables,3,False,6086,6496,202.8666666666667,216.53333333333336,13.666666666666668
uid-12_take-02,12,26,9,2,Place,3,False,6344,6495,211.4666666666667,216.50000000000003,5.033333333333334
uid-12_take-02,12,27,10,4,Screw,3,False,6813,6925,227.10000000000002,230.83333333333337,3.733333333333334
uid-12_take-02,12,28,10,4,Screw,3,False,6980,7083,232.66666666666669,236.10000000000002,3.4333333333333336
uid-12_take-02,12,29,10,4,Screw,3,False,7141,7253,238.03333333333336,241.7666666666667,3.733333333333334
uid-12_take-02,12,30,10,4,Screw,3,False,7332,7448,244.40000000000003,248.2666666666667,3.866666666666667
uid-12_take-02,12,31,10,4,Screw,3,False,7500,7636,250.00000000000003,254.53333333333336,4.533333333333334
uid-12_take-02,12,32,10,4,Screw,3,False,7718,7856,257.2666666666667,261.8666666666667,4.6000000000000005
uid-12_take-02,12,33,11,0,Pull Cables,3,False,7987,8020,266.23333333333335,267.33333333333337,1.1
uid-12_take-02,12,34,11,0,Pull Cables,3,False,8019,8075,267.3,269.1666666666667,1.866666666666667
uid-12_take-02,12,35,12,5,Connect Cables,3,False,8135,8389,271.1666666666667,279.6333333333334,8.466666666666667
uid-12_take-02,12,36,13,6,Clamp Coupling,3,False,8392,8450,279.73333333333335,281.6666666666667,1.9333333333333336
uid-12_take-02,12,37,13,6,Clamp Coupling,3,False,8455,8527,281.83333333333337,284.23333333333335,2.4000000000000004
uid-13_take-01,13,0,0,0,Pull Cables,1,False,268,325,8.933333333333334,10.833333333333334,1.9000000000000001
uid-13_take-01,13,1,0,0,Pull Cables,1,False,326,363,10.866666666666667,12.100000000000001,1.2333333333333334
uid-13_take-01,13,2,1,2,Place,1,False,499,632,16.633333333333336,21.06666666666667,4.433333333333334
uid-13_take-01,13,3,2,3,Align,1,False,633,839,21.1,27.96666666666667,6.866666666666667
uid-13_take-01,13,4,3,4,Screw,1,False,1081,1275,36.03333333333334,42.50000000000001,6.466666666666668
uid-13_take-01,13,5,3,4,Screw,1,False,1365,1559,45.50000000000001,51.966666666666676,6.466666666666668
uid-13_take-01,13,6,3,4,Screw,1,False,1630,1747,54.33333333333334,58.23333333333334,3.9000000000000004
uid-13_take-01,13,7,3,4,Screw,1,False,1793,1944,59.76666666666667,64.80000000000001,5.033333333333334
uid-13_take-01,13,8,3,4,Screw,1,False,2015,2369,67.16666666666667,78.96666666666668,11.8
uid-13_take-01,13,9,3,4,Screw,1,False,2437,2597,81.23333333333335,86.56666666666668,5.333333333333334
uid-13_take-01,13,10,4,5,Connect Cables,1,False,3017,3086,100.56666666666668,102.86666666666667,2.3000000000000003
uid-13_take-01,13,11,5,6,Clamp Coupling,1,False,3086,3179,102.86666666666667,105.96666666666668,3.1000000000000005
uid-13_take-01,13,12,5,6,Clamp Coupling,1,False,3182,3257,106.06666666666668,108.56666666666668,2.5000000000000004
uid-13_take-01,13,13,6,0,Pull Cables,2,False,3454,3485,115.13333333333334,116.16666666666669,1.0333333333333334
uid-13_take-01,13,14,6,0,Pull Cables,2,False,3485,3521,116.16666666666669,117.36666666666667,1.2000000000000002
uid-13_take-01,13,15,7,2,Place,2,False,3605,3697,120.16666666666669,123.23333333333335,3.066666666666667
uid-13_take-01,13,16,8,3,Align,2,False,3697,3830,123.23333333333335,127.66666666666669,4.433333333333334
uid-13_take-01,13,17,9,4,Screw,2,False,4099,4237,136.63333333333335,141.23333333333335,4.6000000000000005
uid-13_take-01,13,18,9,4,Screw,2,False,4351,4505,145.03333333333336,150.16666666666669,5.133333333333334
uid-13_take-01,13,19,9,4,Screw,2,False,4555,4670,151.83333333333334,155.66666666666669,3.833333333333334
uid-13_take-01,13,20,9,4,Screw,2,False,4735,4859,157.83333333333334,161.9666666666667,4.133333333333334
uid-13_take-01,13,21,9,4,Screw,2,False,4910,5024,163.66666666666669,167.4666666666667,3.8000000000000003
uid-13_take-01,13,22,9,4,Screw,2,False,5120,5287,170.66666666666669,176.23333333333335,5.566666666666667
uid-13_take-01,13,23,10,5,Connect Cables,2,False,5536,5801,184.53333333333336,193.3666666666667,8.833333333333334
uid-13_take-01,13,24,11,6,Clamp Coupling,2,False,5880,5971,196.00000000000003,199.03333333333336,3.0333333333333337
uid-13_take-01,13,25,11,6,Clamp Coupling,2,False,5973,6138,199.10000000000002,204.60000000000002,5.500000000000001
uid-13_take-01,13,26,12,0,Pull Cables,3,False,6258,6342,208.60000000000002,211.40000000000003,2.8000000000000003
uid-13_take-01,13,27,13,2,Place,3,False,6446,6552,214.8666666666667,218.40000000000003,3.5333333333333337
uid-13_take-01,13,28,14,3,Align,3,False,6551,7077,218.3666666666667,235.90000000000003,17.533333333333335
uid-13_take-01,13,29,15,4,Screw,3,False,7260,7508,242.00000000000003,250.2666666666667,8.266666666666667
uid-13_take-01,13,30,15,4,Screw,3,False,7568,7702,252.2666666666667,256.73333333333335,4.466666666666667
uid-13_take-01,13,31,15,4,Screw,3,False,7710,7853,257.00000000000006,261.7666666666667,4.7666666666666675
uid-13_take-01,13,32,15,4,Screw,3,False,7913,8007,263.7666666666667,266.90000000000003,3.1333333333333337
uid-13_take-01,13,33,15,4,Screw,3,False,8085,8255,269.50000000000006,275.1666666666667,5.666666666666667
uid-13_take-01,13,34,16,5,Connect Cables,3,True,8412,8633,280.40000000000003,287.7666666666667,7.366666666666667
uid-13_take-01,13,35,16,5,Connect Cables,3,False,8645,9014,288.1666666666667,300.4666666666667,12.3
uid-13_take-01,13,36,17,6,Clamp Coupling,3,False,9018,9192,300.6,306.40000000000003,5.800000000000001
uid-13_take-02,13,0,0,4,Screw,1,True,186,403,6.200000000000001,13.433333333333335,7.233333333333334
uid-13_take-02,13,1,0,4,Screw,1,True,413,612,13.766666666666667,20.400000000000002,6.633333333333334
uid-13_take-02,13,2,0,4,Screw,1,True,640,862,21.333333333333336,28.733333333333338,7.400000000000001
uid-13_take-02,13,3,0,4,Screw,1,True,866,1039,28.86666666666667,34.63333333333334,5.7666666666666675
uid-13_take-02,13,4,0,4,Screw,1,True,1044,1219,34.800000000000004,40.63333333333334,5.833333333333334
uid-13_take-02,13,5,1,2,Place,1,True,1384,1434,46.13333333333334,47.800000000000004,1.666666666666667
uid-13_take-02,13,6,2,4,Screw,1,True,1570,1732,52.33333333333334,57.73333333333334,5.4
uid-13_take-02,13,7,3,3,Align,1,True,1825,1888,60.83333333333334,62.933333333333344,2.1
uid-13_take-02,13,8,3,3,Align,1,False,1886,2235,62.866666666666674,74.50000000000001,11.633333333333335
uid-13_take-02,13,9,4,4,Screw,1,False,2419,2579,80.63333333333334,85.96666666666668,5.333333333333334
uid-13_take-02,13,10,4,4,Screw,1,False,2661,2834,88.70000000000002,94.46666666666668,5.7666666666666675
uid-13_take-02,13,11,4,4,Screw,1,False,2921,3094,97.36666666666667,103.13333333333334,5.7666666666666675
uid-13_take-02,13,12,4,4,Screw,1,False,3115,3278,103.83333333333334,109.26666666666668,5.433333333333334
uid-13_take-02,13,13,4,4,Screw,1,False,3281,3404,109.36666666666667,113.46666666666668,4.1000000000000005
uid-13_take-02,13,14,4,4,Screw,1,False,3486,3701,116.20000000000002,123.36666666666667,7.166666666666668
uid-13_take-02,13,15,5,0,Pull Cables,2,False,3848,3880,128.26666666666668,129.33333333333334,1.0666666666666669
uid-13_take-02,13,16,5,0,Pull Cables,2,False,3882,3942,129.4,131.4,2.0000000000000004
uid-13_take-02,13,17,6,2,Place,2,False,4067,4155,135.5666666666667,138.50000000000003,2.9333333333333336
uid-13_take-02,13,18,7,3,Align,2,False,4154,4316,138.4666666666667,143.86666666666667,5.4
uid-13_take-02,13,19,8,4,Screw,2,False,4614,4738,153.8,157.93333333333337,4.133333333333334
uid-13_take-02,13,20,8,4,Screw,2,False,4821,4938,160.70000000000002,164.60000000000002,3.9000000000000004
uid-13_take-02,13,21,8,4,Screw,2,False,4988,5128,166.26666666666668,170.93333333333337,4.666666666666667
uid-13_take-02,13,22,8,4,Screw,2,False,5225,5351,174.16666666666669,178.36666666666667,4.2
uid-13_take-02,13,23,8,4,Screw,2,False,5353,5500,178.43333333333337,183.33333333333334,4.9
uid-13_take-02,13,24,8,4,Screw,2,False,5563,5696,185.43333333333337,189.8666666666667,4.433333333333334
uid-13_take-02,13,25,9,5,Connect Cables,2,False,5937,6064,197.90000000000003,202.13333333333335,4.233333333333333
uid-13_take-02,13,26,10,6,Clamp Coupling,2,False,6063,6164,202.10000000000002,205.4666666666667,3.366666666666667
uid-13_take-02,13,27,10,6,Clamp Coupling,2,False,6166,6256,205.53333333333336,208.53333333333336,3.0000000000000004
uid-13_take-02,13,28,11,2,Place,3,False,6712,6868,223.73333333333335,228.93333333333337,5.2
uid-13_take-02,13,29,12,3,Align,3,False,6867,7174,228.90000000000003,239.13333333333335,10.233333333333334
uid-13_take-02,13,30,13,4,Screw,3,False,7357,7479,245.23333333333335,249.30000000000004,4.066666666666667
uid-13_take-02,13,31,13,4,Screw,3,False,7535,7748,251.16666666666669,258.2666666666667,7.1000000000000005
uid-13_take-02,13,32,13,4,Screw,3,False,7851,7965,261.70000000000005,265.50000000000006,3.8000000000000003
uid-13_take-02,13,33,13,4,Screw,3,False,8020,8109,267.33333333333337,270.3,2.9666666666666672
uid-13_take-02,13,34,13,4,Screw,3,False,8201,8319,273.3666666666667,277.3,3.933333333333334
uid-13_take-02,13,35,13,4,Screw,3,False,8385,8498,279.50000000000006,283.2666666666667,3.766666666666667
uid-13_take-02,13,36,14,5,Connect Cables,3,False,8620,8776,287.33333333333337,292.53333333333336,5.2
uid-13_take-02,13,37,15,6,Clamp Coupling,3,False,8777,8871,292.5666666666667,295.70000000000005,3.1333333333333337
uid-13_take-02,13,38,15,6,Clamp Coupling,3,False,8872,8960,295.73333333333335,298.6666666666667,2.9333333333333336
uid-14_take-01,14,0,0,2,Place,1,False,199,302,6.633333333333334,10.066666666666668,3.4333333333333336
uid-14_take-01,14,1,1,3,Align,1,False,302,403,10.066666666666668,13.433333333333335,3.366666666666667
uid-14_take-01,14,2,2,4,Screw,1,False,755,1078,25.16666666666667,35.93333333333334,10.766666666666667
uid-14_take-01,14,3,2,4,Screw,1,False,1159,1275,38.63333333333334,42.50000000000001,3.866666666666667
uid-14_take-01,14,4,2,4,Screw,1,False,1385,1560,46.16666666666667,52.00000000000001,5.833333333333334
uid-14_take-01,14,5,2,4,Screw,1,False,1632,1726,54.400000000000006,57.53333333333334,3.1333333333333337
uid-14_take-01,14,6,2,4,Screw,1,False,1820,1931,60.66666666666667,64.36666666666667,3.7000000000000006
uid-14_take-01,14,7,2,4,Screw,1,True,1999,2073,66.63333333333334,69.10000000000001,2.466666666666667
uid-14_take-01,14,8,2,4,Screw,1,False,2224,2362,74.13333333333334,78.73333333333335,4.6000000000000005
uid-14_take-01,14,9,3,0,Pull Cables,1,False,2446,2506,81.53333333333335,83.53333333333335,2.0000000000000004
uid-14_take-01,14,10,3,0,Pull Cables,1,False,2512,2663,83.73333333333335,88.76666666666668,5.033333333333334
uid-14_take-01,14,11,4,5,Connect Cables,1,False,3037,3187,101.23333333333335,106.23333333333335,5.000000000000001
uid-14_take-01,14,12,5,6,Clamp Coupling,1,False,3206,3275,106.86666666666667,109.16666666666669,2.3000000000000003
uid-14_take-01,14,13,6,5,Connect Cables,1,True,3279,3345,109.30000000000001,111.50000000000001,2.2
uid-14_take-01,14,14,6,5,Connect Cables,1,False,3345,3424,111.50000000000001,114.13333333333334,2.6333333333333337
uid-14_take-01,14,15,7,6,Clamp Coupling,1,False,3425,3553,114.16666666666669,118.43333333333335,4.2666666666666675
uid-14_take-01,14,16,8,2,Place,2,False,3774,3864,125.80000000000001,128.8,3.0000000000000004
uid-14_take-01,14,17,9,3,Align,2,False,3863,3985,128.76666666666668,132.83333333333334,4.066666666666667
uid-14_take-01,14,18,10,4,Screw,2,False,4241,4408,141.36666666666667,146.93333333333334,5.566666666666667
uid-14_take-01,14,19,10,4,Screw,2,False,4481,4624,149.36666666666667,154.13333333333335,4.7666666666666675
uid-14_take-01,14,20,10,4,Screw,2,False,4709,4884,156.9666666666667,162.8,5.833333333333334
uid-14_take-01,14,21,10,4,Screw,2,False,4960,5110,165.33333333333334,170.33333333333334,5.000000000000001
uid-14_take-01,14,22,10,4,Screw,2,False,5187,5302,172.90000000000003,176.73333333333335,3.833333333333334
uid-14_take-01,14,23,10,4,Screw,2,False,5349,5476,178.3,182.53333333333336,4.233333333333333
uid-14_take-01,14,24,11,0,Pull Cables,2,False,5488,5561,182.93333333333337,185.3666666666667,2.4333333333333336
uid-14_take-01,14,25,11,0,Pull Cables,2,False,5576,5623,185.8666666666667,187.43333333333337,1.5666666666666669
uid-14_take-01,14,26,12,5,Connect Cables,2,False,5763,5905,192.10000000000002,196.83333333333334,4.733333333333334
uid-14_take-01,14,27,13,6,Clamp Coupling,2,False,5919,6045,197.3,201.50000000000003,4.2
uid-14_take-01,14,28,13,6,Clamp Coupling,2,False,6048,6141,201.60000000000002,204.70000000000002,3.1000000000000005
uid-14_take-01,14,29,14,2,Place,3,False,6339,6435,211.3,214.50000000000003,3.2
uid-14_take-01,14,30,15,3,Align,3,False,6436,6697,214.53333333333336,223.23333333333335,8.700000000000001
uid-14_take-01,14,31,16,4,Screw,3,False,7073,7326,235.7666666666667,244.20000000000002,8.433333333333334
uid-14_take-01,14,32,16,4,Screw,3,True,7456,7584,248.53333333333336,252.80000000000004,4.2666666666666675
uid-14_take-01,14,33,17,3,Align,3,True,7740,7926,258.00000000000006,264.20000000000005,6.200000000000001
uid-14_take-01,14,34,18,2,Place,3,True,7927,7974,264.23333333333335,265.8,1.5666666666666669
uid-14_take-01,14,35,18,2,Place,3,False,7988,8060,266.2666666666667,268.6666666666667,2.4000000000000004
uid-14_take-01,14,36,19,3,Align,3,False,8061,8595,268.70000000000005,286.50000000000006,17.8
uid-14_take-01,14,37,20,4,Screw,3,False,8757,9008,291.90000000000003,300.2666666666667,8.366666666666667
uid-14_take-01,14,38,20,4,Screw,3,False,9099,9317,303.3,310.5666666666667,7.2666666666666675
uid-14_take-01,14,39,20,4,Screw,3,False,9420,9650,314.00000000000006,321.6666666666667,7.666666666666668
uid-14_take-01,14,40,20,4,Screw,3,False,9702,9837,323.40000000000003,327.90000000000003,4.500000000000001
uid-14_take-01,14,41,20,4,Screw,3,False,9953,10095,331.7666666666667,336.50000000000006,4.733333333333334
uid-14_take-01,14,42,20,4,Screw,3,False,10112,10269,337.0666666666667,342.30000000000007,5.233333333333334
uid-14_take-01,14,43,21,0,Pull Cables,3,False,10353,10454,345.1,348.4666666666667,3.366666666666667
uid-14_take-01,14,44,22,5,Connect Cables,3,False,10464,10634,348.80000000000007,354.4666666666667,5.666666666666667
uid-14_take-01,14,45,23,6,Clamp Coupling,3,False,10639,10734,354.6333333333334,357.80000000000007,3.166666666666667
uid-14_take-01,14,46,23,6,Clamp Coupling,3,False,10743,10821,358.1,360.70000000000005,2.6
uid-14_take-01,14,47,24,0,Pull Cables,3,False,10913,11004,363.7666666666667,366.80000000000007,3.0333333333333337
uid-14_take-02,14,0,0,2,Place,1,False,201,286,6.700000000000001,9.533333333333335,2.8333333333333335
uid-14_take-02,14,1,1,3,Align,1,False,286,370,9.533333333333335,12.333333333333334,2.8000000000000003
uid-14_take-02,14,2,2,4,Screw,1,False,724,972,24.133333333333336,32.400000000000006,8.266666666666667
uid-14_take-02,14,3,2,4,Screw,1,False,1010,1177,33.66666666666667,39.23333333333334,5.566666666666667
uid-14_take-02,14,4,2,4,Screw,1,False,1221,1377,40.7,45.900000000000006,5.2
uid-14_take-02,14,5,2,4,Screw,1,False,1454,1948,48.466666666666676,64.93333333333334,16.46666666666667
uid-14_take-02,14,6,2,4,Screw,1,False,2108,2343,70.26666666666668,78.10000000000001,7.833333333333334
uid-14_take-02,14,7,2,4,Screw,1,False,2384,2515,79.46666666666668,83.83333333333334,4.366666666666667
uid-14_take-02,14,8,3,0,Pull Cables,1,False,2691,2754,89.70000000000002,91.80000000000001,2.1
uid-14_take-02,14,9,4,5,Connect Cables,1,False,2765,2918,92.16666666666667,97.26666666666668,5.1000000000000005
uid-14_take-02,14,10,5,6,Clamp Coupling,1,False,2923,3025,97.43333333333335,100.83333333333334,3.4000000000000004
uid-14_take-02,14,11,5,6,Clamp Coupling,1,False,3028,3096,100.93333333333335,103.20000000000002,2.266666666666667
uid-14_take-02,14,12,6,2,Place,2,False,3285,3659,109.50000000000001,121.96666666666668,12.466666666666669
uid-14_take-02,14,13,6,2,Place,2,True,3660,3754,122.00000000000001,125.13333333333335,3.1333333333333337
uid-14_take-02,14,14,6,2,Place,2,False,3754,3785,125.13333333333335,126.16666666666669,1.0333333333333334
uid-14_take-02,14,15,7,3,Align,2,False,3785,3886,126.16666666666669,129.53333333333336,3.366666666666667
uid-14_take-02,14,16,8,4,Screw,2,False,4301,4455,143.36666666666667,148.50000000000003,5.133333333333334
uid-14_take-02,14,17,8,4,Screw,2,False,4503,4650,150.10000000000002,155.00000000000003,4.9
uid-14_take-02,14,18,8,4,Screw,2,False,4751,4872,158.36666666666667,162.4,4.033333333333334
uid-14_take-02,14,19,8,4,Screw,2,False,4972,5104,165.73333333333335,170.13333333333335,4.4
uid-14_take-02,14,20,8,4,Screw,2,False,5172,5336,172.40000000000003,177.86666666666667,5.466666666666668
uid-14_take-02,14,21,8,4,Screw,2,False,5377,5560,179.23333333333335,185.33333333333334,6.1000000000000005
uid-14_take-02,14,22,9,0,Pull Cables,1,False,5729,5763,190.9666666666667,192.10000000000002,1.1333333333333335
uid-14_take-02,14,23,9,0,Pull Cables,2,False,5764,5810,192.13333333333335,193.66666666666669,1.5333333333333334
uid-14_take-02,14,24,10,5,Connect Cables,2,False,5810,6124,193.66666666666669,204.13333333333335,10.466666666666669
uid-14_take-02,14,25,11,6,Clamp Coupling,2,False,6125,6195,204.16666666666669,206.50000000000003,2.3333333333333335
uid-14_take-02,14,26,11,6,Clamp Coupling,2,False,6195,6288,206.50000000000003,209.60000000000002,3.1000000000000005
uid-14_take-02,14,27,12,2,Place,3,False,6529,6708,217.63333333333335,223.60000000000002,5.966666666666668
uid-14_take-02,14,28,13,3,Align,3,False,6708,6867,223.60000000000002,228.90000000000003,5.300000000000001
uid-14_take-02,14,29,14,4,Screw,3,False,7286,7465,242.8666666666667,248.83333333333337,5.966666666666668
uid-14_take-02,14,30,14,4,Screw,3,False,7510,7679,250.33333333333337,255.9666666666667,5.633333333333334
uid-14_take-02,14,31,14,4,Screw,3,False,7724,7905,257.4666666666667,263.50000000000006,6.033333333333334
uid-14_take-02,14,32,14,4,Screw,3,False,7980,8141,266.00000000000006,271.3666666666667,5.366666666666667
uid-14_take-02,14,33,14,4,Screw,3,False,8191,8371,273.03333333333336,279.03333333333336,6.000000000000001
uid-14_take-02,14,34,14,4,Screw,3,False,8401,8568,280.03333333333336,285.6,5.566666666666667
uid-14_take-02,14,35,15,0,Pull Cables,3,False,8700,8746,290.00000000000006,291.53333333333336,1.5333333333333334
uid-14_take-02,14,36,16,5,Connect Cables,3,False,8749,8913,291.6333333333334,297.1,5.466666666666668
uid-14_take-02,14,37,17,6,Clamp Coupling,3,False,8915,8988,297.1666666666667,299.6,2.4333333333333336
uid-14_take-02,14,38,17,6,Clamp Coupling,3,False,9003,9060,300.1,302.00000000000006,1.9000000000000001
uid-15_take-01,15,0,0,2,Place,1,False,350,620,11.666666666666668,20.666666666666668,9.000000000000002
uid-15_take-01,15,1,1,3,Align,1,True,620,1556,20.666666666666668,51.866666666666674,31.200000000000003
uid-15_take-01,15,2,2,2,Place,1,True,1556,1723,51.866666666666674,57.43333333333334,5.566666666666667
uid-15_take-01,15,3,2,2,Place,1,False,1717,1886,57.23333333333334,62.866666666666674,5.633333333333334
uid-15_take-01,15,4,3,3,Align,1,False,1890,3875,63.00000000000001,129.16666666666669,66.16666666666667
uid-15_take-01,15,5,4,4,Screw,1,False,4489,4718,149.63333333333335,157.26666666666668,7.633333333333335
uid-15_take-01,15,6,4,4,Screw,1,False,4822,5078,160.73333333333335,169.26666666666668,8.533333333333335
uid-15_take-01,15,7,4,4,Screw,1,False,5165,5422,172.16666666666669,180.73333333333335,8.566666666666668
uid-15_take-01,15,8,4,4,Screw,1,False,5525,5795,184.16666666666669,193.16666666666669,9.000000000000002
uid-15_take-01,15,9,4,4,Screw,1,False,6016,6177,200.53333333333336,205.90000000000003,5.366666666666667
uid-15_take-01,15,10,4,4,Screw,1,False,6254,6543,208.4666666666667,218.10000000000002,9.633333333333335
uid-15_take-01,15,11,5,0,Pull Cables,1,False,6862,6886,228.73333333333335,229.53333333333336,0.8
uid-15_take-01,15,12,6,5,Connect Cables,1,False,6979,7238,232.63333333333335,241.2666666666667,8.633333333333335
uid-15_take-01,15,13,7,6,Clamp Coupling,1,False,7244,7328,241.4666666666667,244.2666666666667,2.8000000000000003
uid-15_take-01,15,14,7,6,Clamp Coupling,1,False,7336,7432,244.53333333333336,247.73333333333335,3.2
uid-15_take-01,15,15,8,2,Place,2,False,7936,8034,264.53333333333336,267.8,3.266666666666667
uid-15_take-01,15,16,8,2,Place,1,True,8033,8141,267.7666666666667,271.3666666666667,3.6000000000000005
uid-15_take-01,15,17,8,2,Place,2,False,8140,8286,271.33333333333337,276.20000000000005,4.866666666666667
uid-15_take-01,15,18,9,3,Align,2,False,8286,8611,276.20000000000005,287.03333333333336,10.833333333333334
uid-15_take-01,15,19,10,4,Screw,2,False,9096,9322,303.20000000000005,310.73333333333335,7.533333333333334
uid-15_take-01,15,20,10,4,Screw,2,False,9551,9743,318.36666666666673,324.7666666666667,6.4
uid-15_take-01,15,21,10,4,Screw,2,False,9882,10005,329.40000000000003,333.50000000000006,4.1000000000000005
uid-15_take-01,15,22,10,4,Screw,2,False,10044,10244,334.8,341.4666666666667,6.666666666666668
uid-15_take-01,15,23,10,4,Screw,2,False,10318,10547,343.9333333333334,351.5666666666667,7.633333333333335
uid-15_take-01,15,24,10,4,Screw,2,False,10635,10855,354.50000000000006,361.83333333333337,7.333333333333334
uid-15_take-01,15,25,11,0,Pull Cables,2,False,11200,11280,373.33333333333337,376.00000000000006,2.666666666666667
uid-15_take-01,15,26,11,0,Pull Cables,1,False,11200,11280,373.33333333333337,376.00000000000006,2.666666666666667
uid-15_take-01,15,27,12,5,Connect Cables,2,False,11300,11515,376.6666666666667,383.83333333333337,7.166666666666668
uid-15_take-01,15,28,13,6,Clamp Coupling,2,False,11522,11590,384.0666666666667,386.33333333333337,2.266666666666667
uid-15_take-01,15,29,13,6,Clamp Coupling,2,False,11595,11665,386.50000000000006,388.83333333333337,2.3333333333333335
uid-15_take-01,15,30,14,2,Place,3,False,12454,12616,415.1333333333334,420.53333333333336,5.4
uid-15_take-01,15,31,15,3,Align,3,False,12615,13047,420.50000000000006,434.90000000000003,14.400000000000002
uid-15_take-01,15,32,16,4,Screw,3,False,13422,13675,447.40000000000003,455.83333333333337,8.433333333333334
uid-15_take-01,15,33,16,4,Screw,3,False,13838,14048,461.2666666666667,468.2666666666667,7.000000000000001
uid-15_take-01,15,34,16,4,Screw,3,False,14171,14456,472.36666666666673,481.86666666666673,9.500000000000002
uid-15_take-01,15,35,16,4,Screw,3,False,14615,14795,487.16666666666674,493.16666666666674,6.000000000000001
uid-15_take-01,15,36,16,4,Screw,3,False,14894,15076,496.46666666666675,502.5333333333334,6.066666666666667
uid-15_take-01,15,37,16,4,Screw,3,False,15250,15424,508.33333333333337,514.1333333333334,5.800000000000001
uid-15_take-01,15,38,17,0,Pull Cables,3,False,15514,15573,517.1333333333334,519.1,1.966666666666667
uid-15_take-01,15,39,17,0,Pull Cables,2,False,15577,15605,519.2333333333333,520.1666666666667,0.9333333333333335
uid-15_take-01,15,40,17,0,Pull Cables,3,False,15610,15648,520.3333333333334,521.6,1.2666666666666668
uid-15_take-01,15,41,18,5,Connect Cables,3,False,15810,16046,527.0000000000001,534.8666666666667,7.866666666666668
uid-15_take-01,15,42,19,6,Clamp Coupling,3,False,16047,16105,534.9000000000001,536.8333333333334,1.9333333333333336
uid-15_take-01,15,43,19,6,Clamp Coupling,3,False,16114,16188,537.1333333333334,539.6,2.466666666666667
uid-15_take-02,15,0,0,2,Place,1,False,282,516,9.4,17.200000000000003,7.800000000000001
uid-15_take-02,15,1,1,3,Align,1,False,516,952,17.200000000000003,31.733333333333338,14.533333333333335
uid-15_take-02,15,2,2,4,Screw,1,False,1297,1725,43.23333333333334,57.50000000000001,14.266666666666667
uid-15_take-02,15,3,2,4,Screw,1,False,1983,2164,66.10000000000001,72.13333333333334,6.033333333333334
uid-15_take-02,15,4,2,4,Screw,1,False,2284,2565,76.13333333333334,85.50000000000001,9.366666666666667
uid-15_take-02,15,5,2,4,Screw,1,False,2645,2868,88.16666666666667,95.60000000000001,7.4333333333333345
uid-15_take-02,15,6,2,4,Screw,1,False,3007,3201,100.23333333333335,106.70000000000002,6.466666666666668
uid-15_take-02,15,7,2,4,Screw,1,False,3243,3641,108.10000000000001,121.36666666666667,13.266666666666667
uid-15_take-02,15,8,3,0,Pull Cables,1,False,3961,4020,132.03333333333336,134.00000000000003,1.966666666666667
uid-15_take-02,15,9,4,5,Connect Cables,1,False,4071,4539,135.70000000000002,151.3,15.600000000000001
uid-15_take-02,15,10,5,6,Clamp Coupling,1,False,4541,4594,151.36666666666667,153.13333333333335,1.7666666666666668
uid-15_take-02,15,11,5,6,Clamp Coupling,1,False,4598,4670,153.26666666666668,155.66666666666669,2.4000000000000004
uid-15_take-02,15,12,6,2,Place,2,False,5263,5453,175.43333333333337,181.76666666666668,6.333333333333334
uid-15_take-02,15,13,7,3,Align,2,False,5456,5697,181.86666666666667,189.90000000000003,8.033333333333335
uid-15_take-02,15,14,8,4,Screw,2,False,6376,6620,212.53333333333336,220.66666666666669,8.133333333333335
uid-15_take-02,15,15,8,4,Screw,2,False,6767,6916,225.5666666666667,230.53333333333336,4.966666666666668
uid-15_take-02,15,16,8,4,Screw,2,False,7050,7211,235.00000000000003,240.3666666666667,5.366666666666667
uid-15_take-02,15,17,8,4,Screw,2,False,7339,7498,244.63333333333335,249.93333333333337,5.300000000000001
uid-15_take-02,15,18,8,4,Screw,2,False,7616,7819,253.8666666666667,260.6333333333334,6.7666666666666675
uid-15_take-02,15,19,8,4,Screw,2,False,7924,8089,264.1333333333334,269.6333333333334,5.500000000000001
uid-15_take-02,15,20,9,0,Pull Cables,2,False,8158,8191,271.93333333333334,273.03333333333336,1.1
uid-15_take-02,15,21,9,0,Pull Cables,1,False,8191,8230,273.03333333333336,274.33333333333337,1.3
uid-15_take-02,15,22,10,5,Connect Cables,2,False,8490,8713,283.00000000000006,290.4333333333334,7.4333333333333345
uid-15_take-02,15,23,11,6,Clamp Coupling,2,False,8723,8773,290.7666666666667,292.4333333333334,1.666666666666667
uid-15_take-02,15,24,11,6,Clamp Coupling,2,False,8776,8837,292.53333333333336,294.5666666666667,2.0333333333333337
uid-15_take-02,15,25,12,2,Place,3,False,9254,9944,308.4666666666667,331.4666666666667,23.000000000000004
uid-15_take-02,15,26,13,3,Align,3,False,9944,10175,331.4666666666667,339.1666666666667,7.700000000000001
uid-15_take-02,15,27,14,4,Screw,3,False,10702,10871,356.73333333333335,362.36666666666673,5.633333333333334
uid-15_take-02,15,28,14,4,Screw,3,False,10999,11179,366.6333333333334,372.6333333333334,6.000000000000001
uid-15_take-02,15,29,14,4,Screw,3,False,11280,11536,376.00000000000006,384.53333333333336,8.533333333333335
uid-15_take-02,15,30,14,4,Screw,3,False,11725,12057,390.83333333333337,401.90000000000003,11.066666666666668
uid-15_take-02,15,31,14,4,Screw,3,False,12180,12311,406.00000000000006,410.36666666666673,4.366666666666667
uid-15_take-02,15,32,14,4,Screw,3,False,12428,12581,414.2666666666667,419.36666666666673,5.1000000000000005
uid-15_take-02,15,33,15,0,Pull Cables,2,False,12589,12627,419.6333333333334,420.90000000000003,1.2666666666666668
uid-15_take-02,15,34,15,0,Pull Cables,3,False,12627,12668,420.90000000000003,422.2666666666667,1.366666666666667
uid-15_take-02,15,35,15,0,Pull Cables,3,False,12676,12725,422.53333333333336,424.16666666666674,1.6333333333333335
uid-15_take-02,15,36,16,5,Connect Cables,3,False,12878,13121,429.2666666666667,437.36666666666673,8.100000000000001
uid-15_take-02,15,37,17,6,Clamp Coupling,3,False,13124,13186,437.4666666666667,439.53333333333336,2.066666666666667
uid-15_take-02,15,38,17,6,Clamp Coupling,3,False,13188,13238,439.6000000000001,441.2666666666667,1.666666666666667
